-- Admin general
INSERT INTO users(username,password,enabled) VALUES ('admin1','admin',TRUE);
INSERT INTO authorities(id,username,authority) VALUES (1,'admin1','admin');
--admin Juan Jose
INSERT INTO users(username,password,enabled) VALUES ('juaperpla','JacoLeah',TRUE);
INSERT INTO authorities(id,username,authority) VALUES (2,'juaperpla','admin');
--admin Álvaro
INSERT INTO users(username,password,enabled) VALUES ('alvechdel','echegoyan',TRUE);
INSERT INTO authorities(id,username,authority) VALUES (3,'alvechdel','admin');
--admin Antonio
INSERT INTO users(username,password,enabled) VALUES ('antpervaz','antdp1',TRUE);
INSERT INTO authorities(id,username,authority) VALUES (4,'antpervaz','admin');
--admin Manuel
INSERT INTO users(username,password,enabled) VALUES ('manpercar1','pakito123',TRUE);
INSERT INTO authorities(id,username,authority) VALUES (5,'manpercar1','admin');
--admin Daniel
INSERT INTO users(username,password,enabled) VALUES ('dantorval','dtv123',TRUE);
INSERT INTO authorities(id,username,authority) VALUES (6,'dantorval','admin');
--admin Alejandro
INSERT INTO users(username,password,enabled) VALUES ('alepiupin','piuryp',TRUE);
INSERT INTO authorities(id,username,authority) VALUES (7,'alepiupin','admin');

--Gestores
INSERT INTO gestor(id,dni,first_name,last_name,telefono,email,sueldo) VALUES (1,'78542089X', 'Juan José', 'Domínguez García', '678117290', 'jdomgarcia@gmail.com', 2275.5);
INSERT INTO gestor(id,dni,first_name,last_name,telefono,email,sueldo) VALUES (2,'56137491B', 'Paco', 'Pérez Rodríguez', '640496862', 'pacoperez@gmail.com', 2275.5);
INSERT INTO gestor(id,dni,first_name,last_name,telefono,email,sueldo) VALUES (3,'61939644T', 'Pepe', 'Reina López', '661506234', 'peperelop@gmail.com', 2275.5);
INSERT INTO gestor(id,dni,first_name,last_name,telefono,email,sueldo) VALUES (4,'72679664D', 'Antonio', 'Amador Jiménez', '681572524', 'antodor@gmail.com', 2275.5);
INSERT INTO gestor(id,dni,first_name,last_name,telefono,email,sueldo) VALUES (5,'88682022W', 'Jose Manuel', 'Huertas Barroso', '610519128', 'josehubar@gmail.com', 2275.5);

INSERT INTO mecanico(id,dni,first_name,last_name,telefono,email,sueldo) VALUES (1,'47565973E', 'Álvaro', 'Molinas Trujillo', '625496828', 'alvmoltrujillo@gmail.com', 1730.);
INSERT INTO mecanico(id,dni,first_name,last_name,telefono,email,sueldo) VALUES (2,'25652228Y', 'Antonio', 'Guerra Galera', '697386649', 'antonioguegal@gmail.com', 1730.);
INSERT INTO mecanico(id,dni,first_name,last_name,telefono,email,sueldo) VALUES (3,'66493193D', 'Elias', 'Acuña Roldan', '629279637', 'antonioguegal@gmail.com', 1730.);

--Clientes (con sus cuentas de usuario)
INSERT INTO users(username,password,enabled) VALUES ('manuel','contraseña1',TRUE);
INSERT INTO authorities(id,username,authority) VALUES (8,'manuel','cliente');
INSERT INTO cliente(id,dni,first_name,last_name,telefono,email,es_conflictivo,dias_retraso,username) VALUES (1,'12422051G', 'Manuel', 'Aviles Campillo', '604223062', 'manuCamp32@gmail.com', 'No', 13, 'manuel');

INSERT INTO users(username,password,enabled) VALUES ('daniel','contraseña2',TRUE);
INSERT INTO authorities(id,username,authority) VALUES (9,'daniel','cliente');
INSERT INTO cliente(id,dni,first_name,last_name,telefono,email,es_conflictivo,dias_retraso,username) VALUES (2,'31998039W', 'Daniel', 'Barranco Llanos', '660257585', 'danBarll@gmail.com', 'No', 4, 'daniel');

INSERT INTO users(username,password,enabled) VALUES ('alejandro','contraseña3',TRUE);
INSERT INTO authorities(id,username,authority) VALUES (10,'alejandro','cliente');
INSERT INTO cliente(id,dni,first_name,last_name,telefono,email,es_conflictivo,dias_retraso,username) VALUES (3,'31004225H', 'Alejandro', 'Castellano Sanz', '637666517', 'alejcastz@gmail.com', 'No', 0, 'alejandro');

INSERT INTO cambio VALUES (1, 'Automático');
INSERT INTO cambio VALUES (2, 'Manual');

INSERT INTO estados_envio VALUES (1,'Pendiente');
INSERT INTO estados_envio VALUES (2,'Enviado');
INSERT INTO estados_envio VALUES (3,'Cancelado');
INSERT INTO estados_envio VALUES (4,'Entregado');


INSERT INTO concesionario(id,nombre,email,telefono,provincia,localidad,direccion,codigo_postal,pais) VALUES (1, 'Systasa','systasaAuto@gmail.com', '953551391', 'Sevilla', 'Lora del Río', 'Calle Guadaldora', '41440', 'España');
INSERT INTO concesionario(id,nombre,email,telefono,provincia,localidad,direccion,codigo_postal,pais) VALUES (2, 'Iberica Formula','iberformula@gmail.com', '956959672', 'Cádiz', 'Ubrique', 'Calle Alameda del Cura', '11600', 'España');
INSERT INTO concesionario(id,nombre,email,telefono,provincia,localidad,direccion,codigo_postal,pais) VALUES (3, 'Veyser auto','veyserauto@gmail.com', '959203528', 'Huelva', 'Punta Umbría', 'Calle Amura', '21100', 'España');
INSERT INTO concesionario(id,nombre,email,telefono,provincia,localidad,direccion,codigo_postal,pais) VALUES (4, 'Motor Carinsa' ,'carinsaMotor@gmail.com', '952076464', 'Sevilla', 'Marchena', 'Calle de Duarte', '41620', 'España');
INSERT INTO concesionario(id,nombre,email,telefono,provincia,localidad,direccion,codigo_postal,pais) VALUES (5, 'Gysa' ,'gysaVehicles@gmail.com', '956571106', 'Cádiz', 'Olvera', 'Calle de Guarino', '11690', 'España');
INSERT INTO concesionario(id,nombre,email,telefono,provincia,localidad,direccion,codigo_postal,pais) VALUES (6, 'Autos Cervican' ,'cervicanMotors@gmail.com', '957565319', 'Sevilla', 'Utrera', 'Calle Albahaca', '41710', 'España');
INSERT INTO concesionario(id,nombre,email,telefono,provincia,localidad,direccion,codigo_postal,pais) VALUES (7, 'Sport Auto' ,'sportAuto@gmail.com', '955511319', 'Sevilla', 'Dos Hermanas', 'Avenida de Enríquez de Ribera', '41089', 'España');
INSERT INTO concesionario(id,nombre,email,telefono,provincia,localidad,direccion,codigo_postal,pais) VALUES (8, 'Iberica Formula' ,'iberformula@gmail.com', '966122478', 'Valencia', 'Valencia', 'Avenida de Burjassot', '46015', 'España');
INSERT INTO concesionario(id,nombre,email,telefono,provincia,localidad,direccion,codigo_postal,pais) VALUES (9, 'Systasa' ,'systasaAuto@gmail.com', '932113774', 'Barcelona', 'Barcelona', 'Avenida de Gaudí', '08002', 'España');
INSERT INTO concesionario(id,nombre,email,telefono,provincia,localidad,direccion,codigo_postal,pais) VALUES (10, 'Gysa' ,'gysaVehicles@gmail.com', '913521612', 'Madrid', 'Madrid', 'Calle de Alcaraz', '28019', 'España');

INSERT INTO concesionarios_gestores VALUES (1, 1);
INSERT INTO concesionarios_gestores VALUES (2, 2);
INSERT INTO concesionarios_gestores VALUES (3, 3);
INSERT INTO concesionarios_gestores VALUES (2, 4);
INSERT INTO concesionarios_gestores VALUES (4, 2);
INSERT INTO concesionarios_gestores VALUES (5, 4);
INSERT INTO concesionarios_gestores VALUES (6, 4);
INSERT INTO concesionarios_gestores VALUES (7, 3);
INSERT INTO concesionarios_gestores VALUES (8, 2);
INSERT INTO concesionarios_gestores VALUES (9, 2);
INSERT INTO concesionarios_gestores VALUES (10, 1);

INSERT INTO disponible(id,name) VALUES (1, 'Alquiler');
INSERT INTO disponible(id,name) VALUES (2, 'Venta');
INSERT INTO disponible(id,name) VALUES (3, 'Alquiler o venta');
INSERT INTO disponible(id,name) VALUES (4, 'Alquilado');
INSERT INTO disponible(id,name) VALUES (5, 'Vendido');
INSERT INTO disponible(id,name) VALUES (6, 'Reservado');
INSERT INTO disponible(id,name) VALUES (7, 'No disponible');


INSERT INTO combustible(id,name) VALUES (1, 'Gasolina');
INSERT INTO combustible(id,name) VALUES (2, 'Diesel');
INSERT INTO combustible(id,name) VALUES (3, 'Eléctrico');

INSERT INTO compania(id,nombre,telefono,email) VALUES (1, 'Mapfre', '918366240', 'mapfre@mapfre.es');
INSERT INTO compania(id,nombre,telefono,email) VALUES (2, 'Better Call Saul', '977710750', 'saulSecures@gmail.com');
INSERT INTO compania(id,nombre,telefono,email) VALUES (3, 'AXA', '918070055', 'atencion.cliente@axa.es');
INSERT INTO compania(id,nombre,telefono,email) VALUES (4, 'Zurich', '913755755', 'defensacliente-es@zurich.com');
INSERT INTO compania(id,nombre,telefono,email) VALUES (5, 'Helvetia', '913939057', 'info@helvetia.es');
INSERT INTO compania(id,nombre,telefono,email) VALUES (6, 'Pelayo', '917496800', ' correo@pelayo.com');
INSERT INTO compania(id,nombre,telefono,email) VALUES (7, 'Generali', '918373707', 'info.es@generali.com');
INSERT INTO compania(id,nombre,telefono,email) VALUES (8, 'Línea Directa', '917300300', 'Gestion_Clientes@LineaDirecta.es');
INSERT INTO compania(id,nombre,telefono,email) VALUES (9, 'Allianz', '902300186', 'attcliente@allianz-assistance.es');
INSERT INTO compania(id,nombre,telefono,email) VALUES (10, 'Qualitas Auto', '912755440', 'atencionalcliente@qualitasauto.com');
INSERT INTO compania(id,nombre,telefono,email) VALUES (11, 'Génesis', '917227901', 'contacto@genesis.es');
INSERT INTO compania(id,nombre,telefono,email) VALUES (12, 'Verti', '911758767', 'incidenciasclientes@verti.es');
INSERT INTO compania(id,nombre,telefono,email) VALUES (13, 'Mutua Madrileña', '915578322', 'accidentespersonales@mutua.es');
INSERT INTO compania(id,nombre,telefono,email) VALUES (14, 'Liberty Seguros', '934890567', 'atencionalcliente@libertyseguros.es');
INSERT INTO compania(id,nombre,telefono,email) VALUES (15, 'Direct Seguros', '918378902', 'contacto@directseguros.es');

INSERT INTO seguro_vehiculo(id,numero_poliza,precio,franquicia,cobertura,fecha_inicio,fecha_fin,compania_id) VALUES (1,'9514807158411',90.35,100,'Seguros a terceros con franquicia','2020-08-07','2021-09-07',6);									
INSERT INTO seguro_vehiculo(id,numero_poliza,precio,franquicia,cobertura,fecha_inicio,fecha_fin,compania_id) VALUES (2,'9829580311618',110.67,0,'Terceros ampliado','2020-09-07','2021-08-07',7);									
INSERT INTO seguro_vehiculo(id,numero_poliza,precio,franquicia,cobertura,fecha_inicio,fecha_fin,compania_id) VALUES (3,'6109364465518',103.32,0,'Seguros a terceros','2020-06-07','2021-05-07',7);									
INSERT INTO seguro_vehiculo(id,numero_poliza,precio,franquicia,cobertura,fecha_inicio,fecha_fin,compania_id) VALUES (4,'7260549601588',388.7,0,'A todo riesgo','2020-05-07','2021-04-07',2);									
INSERT INTO seguro_vehiculo(id,numero_poliza,precio,franquicia,cobertura,fecha_inicio,fecha_fin,compania_id) VALUES (5,'2738403829837',175,180,'Terceros ampliado con franquicia','2020-10-07','2021-03-07',14);									
INSERT INTO seguro_vehiculo(id,numero_poliza,precio,franquicia,cobertura,fecha_inicio,fecha_fin,compania_id) VALUES (6,'2882063846040',325.7,0,'Seguros a terceros','2020-09-07','2021-11-07',14);									
INSERT INTO seguro_vehiculo(id,numero_poliza,precio,franquicia,cobertura,fecha_inicio,fecha_fin,compania_id) VALUES (7,'5316816869268',320,200,'A todo riesgo con franquicia','2020-08-07','2021-10-07',15);									
INSERT INTO seguro_vehiculo(id,numero_poliza,precio,franquicia,cobertura,fecha_inicio,fecha_fin,compania_id) VALUES (8,'6595201571284',220,115,'Seguros a terceros con franquicia','2021-04-01','2021-12-17',5);									
INSERT INTO seguro_vehiculo(id,numero_poliza,precio,franquicia,cobertura,fecha_inicio,fecha_fin,compania_id) VALUES (9,'3511931910573',135,0,'Seguros a terceros','2021-05-03','2021-11-01',13);									
INSERT INTO seguro_vehiculo(id,numero_poliza,precio,franquicia,cobertura,fecha_inicio,fecha_fin,compania_id) VALUES (10,'8564589414262',520,50,'A todo riesgo con franquicia','2021-03-06','2021-10-07',8);									
INSERT INTO seguro_vehiculo(id,numero_poliza,precio,franquicia,cobertura,fecha_inicio,fecha_fin,compania_id) VALUES (11,'5404447152560',90.35,100,'Seguros a terceros con franquicia','2020-08-07','2021-09-07',6);									
INSERT INTO seguro_vehiculo(id,numero_poliza,precio,franquicia,cobertura,fecha_inicio,fecha_fin,compania_id) VALUES (12,'7398732987681',110.67,0,'Terceros ampliado','2020-09-07','2021-08-07',2);									
INSERT INTO seguro_vehiculo(id,numero_poliza,precio,franquicia,cobertura,fecha_inicio,fecha_fin,compania_id) VALUES (13,'667007143396',103.32,0,'Seguros a terceros','2020-06-07','2021-05-07',3);									
INSERT INTO seguro_vehiculo(id,numero_poliza,precio,franquicia,cobertura,fecha_inicio,fecha_fin,compania_id) VALUES (14,'5956895158698',388.7,0,'A todo riesgo','2020-05-07','2021-04-07',4);									
INSERT INTO seguro_vehiculo(id,numero_poliza,precio,franquicia,cobertura,fecha_inicio,fecha_fin,compania_id) VALUES (15,'4662139700274',175,180,'Terceros ampliado con franquicia','2020-10-07','2021-03-07',5);									
INSERT INTO seguro_vehiculo(id,numero_poliza,precio,franquicia,cobertura,fecha_inicio,fecha_fin,compania_id) VALUES (16,'3364505166209',325.7,0,'Seguros a terceros','2020-09-07','2021-11-07',3);									
INSERT INTO seguro_vehiculo(id,numero_poliza,precio,franquicia,cobertura,fecha_inicio,fecha_fin,compania_id) VALUES (17,'3817589062033',320,200,'A todo riesgo con franquicia','2020-08-07','2021-10-07',15);									
INSERT INTO seguro_vehiculo(id,numero_poliza,precio,franquicia,cobertura,fecha_inicio,fecha_fin,compania_id) VALUES (18,'6729892049991',220,115,'Seguros a terceros con franquicia','2021-04-01','2021-12-17',11);									
INSERT INTO seguro_vehiculo(id,numero_poliza,precio,franquicia,cobertura,fecha_inicio,fecha_fin,compania_id) VALUES (19,'3850062518553',135,0,'Seguros a terceros','2021-05-03','2021-11-01',2);									
INSERT INTO seguro_vehiculo(id,numero_poliza,precio,franquicia,cobertura,fecha_inicio,fecha_fin,compania_id) VALUES (20,'4395885472369',520,50,'A todo riesgo con franquicia','2021-03-06','2021-10-07',15);									
INSERT INTO seguro_vehiculo(id,numero_poliza,precio,franquicia,cobertura,fecha_inicio,fecha_fin,compania_id) VALUES (21,'3109565707417',90.35,100,'Seguros a terceros con franquicia','2020-08-07','2021-09-07',10);									
INSERT INTO seguro_vehiculo(id,numero_poliza,precio,franquicia,cobertura,fecha_inicio,fecha_fin,compania_id) VALUES (22,'785609525044',110.67,0,'Terceros ampliado','2020-09-07','2021-08-07',2);									
INSERT INTO seguro_vehiculo(id,numero_poliza,precio,franquicia,cobertura,fecha_inicio,fecha_fin,compania_id) VALUES (23,'3547836655445',103.32,0,'Seguros a terceros','2020-06-07','2021-05-07',5);									
INSERT INTO seguro_vehiculo(id,numero_poliza,precio,franquicia,cobertura,fecha_inicio,fecha_fin,compania_id) VALUES (24,'1339445675085',388.7,0,'A todo riesgo','2020-05-07','2021-04-07',15);									
INSERT INTO seguro_vehiculo(id,numero_poliza,precio,franquicia,cobertura,fecha_inicio,fecha_fin,compania_id) VALUES (25,'2568129160899',175,180,'Terceros ampliado con franquicia','2020-10-07','2021-03-07',3);									
INSERT INTO seguro_vehiculo(id,numero_poliza,precio,franquicia,cobertura,fecha_inicio,fecha_fin,compania_id) VALUES (26,'1564352156389',325.7,0,'Seguros a terceros','2020-09-07','2021-11-07',5);									
INSERT INTO seguro_vehiculo(id,numero_poliza,precio,franquicia,cobertura,fecha_inicio,fecha_fin,compania_id) VALUES (27,'3324257827524',320,200,'A todo riesgo con franquicia','2020-08-07','2021-10-07',1);									
INSERT INTO seguro_vehiculo(id,numero_poliza,precio,franquicia,cobertura,fecha_inicio,fecha_fin,compania_id) VALUES (28,'1901633940723',220,115,'Seguros a terceros con franquicia','2021-04-01','2021-12-17',15);									
INSERT INTO seguro_vehiculo(id,numero_poliza,precio,franquicia,cobertura,fecha_inicio,fecha_fin,compania_id) VALUES (29,'504796172433',135,0,'Seguros a terceros','2021-05-03','2021-11-01',2);									
INSERT INTO seguro_vehiculo(id,numero_poliza,precio,franquicia,cobertura,fecha_inicio,fecha_fin,compania_id) VALUES (30,'8335439195461',520,50,'A todo riesgo con franquicia','2021-03-06','2021-10-07',4);									
INSERT INTO seguro_vehiculo(id,numero_poliza,precio,franquicia,cobertura,fecha_inicio,fecha_fin,compania_id) VALUES (31,'4957155798488',90.35,100,'Seguros a terceros con franquicia','2020-08-07','2021-09-07',10);									
INSERT INTO seguro_vehiculo(id,numero_poliza,precio,franquicia,cobertura,fecha_inicio,fecha_fin,compania_id) VALUES (32,'5222231761620',110.67,0,'Terceros ampliado','2020-09-07','2021-08-07',8);									
INSERT INTO seguro_vehiculo(id,numero_poliza,precio,franquicia,cobertura,fecha_inicio,fecha_fin,compania_id) VALUES (33,'335069902951',103.32,0,'Seguros a terceros','2020-06-07','2021-05-07',3);									
INSERT INTO seguro_vehiculo(id,numero_poliza,precio,franquicia,cobertura,fecha_inicio,fecha_fin,compania_id) VALUES (34,'8136322902795',388.7,0,'A todo riesgo','2020-05-07','2021-04-07',4);									
INSERT INTO seguro_vehiculo(id,numero_poliza,precio,franquicia,cobertura,fecha_inicio,fecha_fin,compania_id) VALUES (35,'1669233898881',175,180,'Terceros ampliado con franquicia','2020-10-07','2021-03-07',2);									
INSERT INTO seguro_vehiculo(id,numero_poliza,precio,franquicia,cobertura,fecha_inicio,fecha_fin,compania_id) VALUES (36,'5946978414878',325.7,0,'Seguros a terceros','2020-09-07','2021-11-07',4);									
INSERT INTO seguro_vehiculo(id,numero_poliza,precio,franquicia,cobertura,fecha_inicio,fecha_fin,compania_id) VALUES (37,'9384141375543',320,200,'A todo riesgo con franquicia','2020-08-07','2021-10-07',7);									
INSERT INTO seguro_vehiculo(id,numero_poliza,precio,franquicia,cobertura,fecha_inicio,fecha_fin,compania_id) VALUES (38,'4037358649138',220,115,'Seguros a terceros con franquicia','2021-04-01','2021-12-17',3);									
INSERT INTO seguro_vehiculo(id,numero_poliza,precio,franquicia,cobertura,fecha_inicio,fecha_fin,compania_id) VALUES (39,'197604980174',135,0,'Seguros a terceros','2021-05-03','2021-11-01',10);									
INSERT INTO seguro_vehiculo(id,numero_poliza,precio,franquicia,cobertura,fecha_inicio,fecha_fin,compania_id) VALUES (40,'9418632559938',520,50,'A todo riesgo con franquicia','2021-03-06','2021-10-07',11);									
INSERT INTO seguro_vehiculo(id,numero_poliza,precio,franquicia,cobertura,fecha_inicio,fecha_fin,compania_id) VALUES (41,'5304708615307',90.35,100,'Seguros a terceros con franquicia','2020-08-07','2021-09-07',10);									
INSERT INTO seguro_vehiculo(id,numero_poliza,precio,franquicia,cobertura,fecha_inicio,fecha_fin,compania_id) VALUES (42,'1332277940331',110.67,0,'Terceros ampliado','2020-09-07','2021-08-07',10);									
INSERT INTO seguro_vehiculo(id,numero_poliza,precio,franquicia,cobertura,fecha_inicio,fecha_fin,compania_id) VALUES (43,'5738601596922',103.32,0,'Seguros a terceros','2020-06-07','2021-05-07',7);									
INSERT INTO seguro_vehiculo(id,numero_poliza,precio,franquicia,cobertura,fecha_inicio,fecha_fin,compania_id) VALUES (44,'81201030107',388.7,0,'A todo riesgo','2020-05-07','2021-04-07',6);									
INSERT INTO seguro_vehiculo(id,numero_poliza,precio,franquicia,cobertura,fecha_inicio,fecha_fin,compania_id) VALUES (45,'1220437506918',175,180,'Terceros ampliado con franquicia','2020-10-07','2021-03-07',2);									
INSERT INTO seguro_vehiculo(id,numero_poliza,precio,franquicia,cobertura,fecha_inicio,fecha_fin,compania_id) VALUES (46,'3116190643733',325.7,0,'Seguros a terceros','2020-09-07','2021-11-07',12);									
INSERT INTO seguro_vehiculo(id,numero_poliza,precio,franquicia,cobertura,fecha_inicio,fecha_fin,compania_id) VALUES (47,'21370702377',320,200,'A todo riesgo con franquicia','2020-08-07','2021-10-07',6);									
INSERT INTO seguro_vehiculo(id,numero_poliza,precio,franquicia,cobertura,fecha_inicio,fecha_fin,compania_id) VALUES (48,'5666720166858',220,115,'Seguros a terceros con franquicia','2021-04-01','2021-12-17',9);									
INSERT INTO seguro_vehiculo(id,numero_poliza,precio,franquicia,cobertura,fecha_inicio,fecha_fin,compania_id) VALUES (49,'8799264796481',135,0,'Seguros a terceros','2021-05-03','2021-11-01',12);									
INSERT INTO seguro_vehiculo(id,numero_poliza,precio,franquicia,cobertura,fecha_inicio,fecha_fin,compania_id) VALUES (50,'6207330729715',520,50,'A todo riesgo con franquicia','2021-03-06','2021-10-07',11);									
INSERT INTO seguro_vehiculo(id,numero_poliza,precio,franquicia,cobertura,fecha_inicio,fecha_fin,compania_id) VALUES (51,'2694117297328',90.35,100,'Seguros a terceros con franquicia','2020-08-07','2021-09-07',15);									
INSERT INTO seguro_vehiculo(id,numero_poliza,precio,franquicia,cobertura,fecha_inicio,fecha_fin,compania_id) VALUES (52,'8584941277560',110.67,0,'Terceros ampliado','2020-09-07','2021-08-07',9);									
INSERT INTO seguro_vehiculo(id,numero_poliza,precio,franquicia,cobertura,fecha_inicio,fecha_fin,compania_id) VALUES (53,'5215560209375',103.32,0,'Seguros a terceros','2020-06-07','2021-05-07',14);									
INSERT INTO seguro_vehiculo(id,numero_poliza,precio,franquicia,cobertura,fecha_inicio,fecha_fin,compania_id) VALUES (54,'5392300942622',388.7,0,'A todo riesgo','2020-05-07','2021-04-07',5);									
INSERT INTO seguro_vehiculo(id,numero_poliza,precio,franquicia,cobertura,fecha_inicio,fecha_fin,compania_id) VALUES (55,'7730703946287',175,180,'Terceros ampliado con franquicia','2020-10-07','2021-03-07',8);									
INSERT INTO seguro_vehiculo(id,numero_poliza,precio,franquicia,cobertura,fecha_inicio,fecha_fin,compania_id) VALUES (56,'7189897917708',325.7,0,'Seguros a terceros','2020-09-07','2021-11-07',13);									
INSERT INTO seguro_vehiculo(id,numero_poliza,precio,franquicia,cobertura,fecha_inicio,fecha_fin,compania_id) VALUES (57,'7883644593111',320,200,'A todo riesgo con franquicia','2020-08-07','2021-10-07',13);									
INSERT INTO seguro_vehiculo(id,numero_poliza,precio,franquicia,cobertura,fecha_inicio,fecha_fin,compania_id) VALUES (58,'5217325577198',220,115,'Seguros a terceros con franquicia','2021-04-01','2021-12-17',4);									
INSERT INTO seguro_vehiculo(id,numero_poliza,precio,franquicia,cobertura,fecha_inicio,fecha_fin,compania_id) VALUES (59,'1871564168594',135,0,'Seguros a terceros','2021-05-03','2021-11-01',5);									
INSERT INTO seguro_vehiculo(id,numero_poliza,precio,franquicia,cobertura,fecha_inicio,fecha_fin,compania_id) VALUES (60,'4891811016214',520,50,'A todo riesgo con franquicia','2021-03-06','2021-10-07',11);									
INSERT INTO seguro_vehiculo(id,numero_poliza,precio,franquicia,cobertura,fecha_inicio,fecha_fin,compania_id) VALUES (61,'6696408899246',90.35,100,'Seguros a terceros con franquicia','2020-08-07','2021-09-07',7);									
INSERT INTO seguro_vehiculo(id,numero_poliza,precio,franquicia,cobertura,fecha_inicio,fecha_fin,compania_id) VALUES (62,'822605586233',110.67,0,'Terceros ampliado','2020-09-07','2021-08-07',11);									
INSERT INTO seguro_vehiculo(id,numero_poliza,precio,franquicia,cobertura,fecha_inicio,fecha_fin,compania_id) VALUES (63,'4502636132853',103.32,0,'Seguros a terceros','2020-06-07','2021-05-07',7);									
INSERT INTO seguro_vehiculo(id,numero_poliza,precio,franquicia,cobertura,fecha_inicio,fecha_fin,compania_id) VALUES (64,'8299890366294',388.7,0,'A todo riesgo','2020-05-07','2021-04-07',7);									
INSERT INTO seguro_vehiculo(id,numero_poliza,precio,franquicia,cobertura,fecha_inicio,fecha_fin,compania_id) VALUES (65,'1680967998551',175,180,'Terceros ampliado con franquicia','2020-10-07','2021-03-07',1);									
INSERT INTO seguro_vehiculo(id,numero_poliza,precio,franquicia,cobertura,fecha_inicio,fecha_fin,compania_id) VALUES (66,'8747460377785',325.7,0,'Seguros a terceros','2020-09-07','2021-11-07',9);									
INSERT INTO seguro_vehiculo(id,numero_poliza,precio,franquicia,cobertura,fecha_inicio,fecha_fin,compania_id) VALUES (67,'1504503264408',320,200,'A todo riesgo con franquicia','2020-08-07','2021-10-07',1);									
INSERT INTO seguro_vehiculo(id,numero_poliza,precio,franquicia,cobertura,fecha_inicio,fecha_fin,compania_id) VALUES (68,'3780964176750',220,115,'Seguros a terceros con franquicia','2021-04-01','2021-12-17',6);									
INSERT INTO seguro_vehiculo(id,numero_poliza,precio,franquicia,cobertura,fecha_inicio,fecha_fin,compania_id) VALUES (69,'420375943993',135,0,'Seguros a terceros','2021-05-03','2021-11-01',15);									
INSERT INTO seguro_vehiculo(id,numero_poliza,precio,franquicia,cobertura,fecha_inicio,fecha_fin,compania_id) VALUES (70,'6062478786210',520,50,'A todo riesgo con franquicia','2021-03-06','2021-10-07',13);									
INSERT INTO seguro_vehiculo(id,numero_poliza,precio,franquicia,cobertura,fecha_inicio,fecha_fin,compania_id) VALUES (71,'2915003634157',90.35,100,'Seguros a terceros con franquicia','2020-08-07','2021-09-07',10);									
INSERT INTO seguro_vehiculo(id,numero_poliza,precio,franquicia,cobertura,fecha_inicio,fecha_fin,compania_id) VALUES (72,'9367031112889',110.67,0,'Terceros ampliado','2020-09-07','2021-08-07',14);									
INSERT INTO seguro_vehiculo(id,numero_poliza,precio,franquicia,cobertura,fecha_inicio,fecha_fin,compania_id) VALUES (73,'2755526857030',103.32,0,'Seguros a terceros','2020-06-07','2021-05-07',12);									
INSERT INTO seguro_vehiculo(id,numero_poliza,precio,franquicia,cobertura,fecha_inicio,fecha_fin,compania_id) VALUES (74,'5473553546968',388.7,0,'A todo riesgo','2020-05-07','2021-04-07',9);									
INSERT INTO seguro_vehiculo(id,numero_poliza,precio,franquicia,cobertura,fecha_inicio,fecha_fin,compania_id) VALUES (75,'8989168076608',175,180,'Terceros ampliado con franquicia','2020-10-07','2021-03-07',13);									
INSERT INTO seguro_vehiculo(id,numero_poliza,precio,franquicia,cobertura,fecha_inicio,fecha_fin,compania_id) VALUES (76,'2988633568731',325.7,0,'Seguros a terceros','2020-09-07','2021-11-07',9);									
INSERT INTO seguro_vehiculo(id,numero_poliza,precio,franquicia,cobertura,fecha_inicio,fecha_fin,compania_id) VALUES (77,'3770221038262',320,200,'A todo riesgo con franquicia','2020-08-07','2021-10-07',10);									
INSERT INTO seguro_vehiculo(id,numero_poliza,precio,franquicia,cobertura,fecha_inicio,fecha_fin,compania_id) VALUES (78,'3393935327434',220,115,'Seguros a terceros con franquicia','2021-04-01','2021-12-17',8);									
INSERT INTO seguro_vehiculo(id,numero_poliza,precio,franquicia,cobertura,fecha_inicio,fecha_fin,compania_id) VALUES (79,'9442065229567',135,0,'Seguros a terceros','2021-05-03','2021-11-01',1);									
INSERT INTO seguro_vehiculo(id,numero_poliza,precio,franquicia,cobertura,fecha_inicio,fecha_fin,compania_id) VALUES (80,'5082123216207',520,50,'A todo riesgo con franquicia','2021-03-06','2021-10-07',9);									
INSERT INTO seguro_vehiculo(id,numero_poliza,precio,franquicia,cobertura,fecha_inicio,fecha_fin,compania_id) VALUES (81,'5903184973499',90.35,100,'Seguros a terceros con franquicia','2020-08-07','2021-09-07',7);									
INSERT INTO seguro_vehiculo(id,numero_poliza,precio,franquicia,cobertura,fecha_inicio,fecha_fin,compania_id) VALUES (82,'5499494531651',110.67,0,'Terceros ampliado','2020-09-07','2021-08-07',5);									
INSERT INTO seguro_vehiculo(id,numero_poliza,precio,franquicia,cobertura,fecha_inicio,fecha_fin,compania_id) VALUES (83,'947947088031',103.32,0,'Seguros a terceros','2020-06-07','2021-05-07',15);									
INSERT INTO seguro_vehiculo(id,numero_poliza,precio,franquicia,cobertura,fecha_inicio,fecha_fin,compania_id) VALUES (84,'6812695978969',388.7,0,'A todo riesgo','2020-05-07','2021-04-07',8);									
INSERT INTO seguro_vehiculo(id,numero_poliza,precio,franquicia,cobertura,fecha_inicio,fecha_fin,compania_id) VALUES (85,'1152700473939',175,180,'Terceros ampliado con franquicia','2020-10-07','2021-03-07',7);									
INSERT INTO seguro_vehiculo(id,numero_poliza,precio,franquicia,cobertura,fecha_inicio,fecha_fin,compania_id) VALUES (86,'9560607109974',325.7,0,'Seguros a terceros','2020-09-07','2021-11-07',2);									
INSERT INTO seguro_vehiculo(id,numero_poliza,precio,franquicia,cobertura,fecha_inicio,fecha_fin,compania_id) VALUES (87,'9935590712652',320,200,'A todo riesgo con franquicia','2020-08-07','2021-10-07',7);									
INSERT INTO seguro_vehiculo(id,numero_poliza,precio,franquicia,cobertura,fecha_inicio,fecha_fin,compania_id) VALUES (88,'3482459125162',220,115,'Seguros a terceros con franquicia','2021-04-01','2021-12-17',2);									
INSERT INTO seguro_vehiculo(id,numero_poliza,precio,franquicia,cobertura,fecha_inicio,fecha_fin,compania_id) VALUES (89,'1427138338641',135,0,'Seguros a terceros','2021-05-03','2021-11-01',14);									
INSERT INTO seguro_vehiculo(id,numero_poliza,precio,franquicia,cobertura,fecha_inicio,fecha_fin,compania_id) VALUES (90,'2266120679637',520,50,'A todo riesgo con franquicia','2021-03-06','2021-10-07',6);									
INSERT INTO seguro_vehiculo(id,numero_poliza,precio,franquicia,cobertura,fecha_inicio,fecha_fin,compania_id) VALUES (91,'7380268516505',90.35,100,'Seguros a terceros con franquicia','2020-08-07','2021-09-07',5);									
INSERT INTO seguro_vehiculo(id,numero_poliza,precio,franquicia,cobertura,fecha_inicio,fecha_fin,compania_id) VALUES (92,'7498613615823',110.67,0,'Terceros ampliado','2020-09-07','2021-08-07',3);									
INSERT INTO seguro_vehiculo(id,numero_poliza,precio,franquicia,cobertura,fecha_inicio,fecha_fin,compania_id) VALUES (93,'5882593757384',103.32,0,'Seguros a terceros','2020-06-07','2021-05-07',8);									
INSERT INTO seguro_vehiculo(id,numero_poliza,precio,franquicia,cobertura,fecha_inicio,fecha_fin,compania_id) VALUES (94,'758157279935',388.7,0,'A todo riesgo','2020-05-07','2021-04-07',12);									
INSERT INTO seguro_vehiculo(id,numero_poliza,precio,franquicia,cobertura,fecha_inicio,fecha_fin,compania_id) VALUES (95,'9014171121725',175,180,'Terceros ampliado con franquicia','2020-10-07','2021-03-07',13);									
INSERT INTO seguro_vehiculo(id,numero_poliza,precio,franquicia,cobertura,fecha_inicio,fecha_fin,compania_id) VALUES (96,'3185738584118',325.7,0,'Seguros a terceros','2020-09-07','2021-11-07',15);									
INSERT INTO seguro_vehiculo(id,numero_poliza,precio,franquicia,cobertura,fecha_inicio,fecha_fin,compania_id) VALUES (97,'4561880338299',320,200,'A todo riesgo con franquicia','2020-08-07','2021-10-07',6);									
INSERT INTO seguro_vehiculo(id,numero_poliza,precio,franquicia,cobertura,fecha_inicio,fecha_fin,compania_id) VALUES (98,'5257394763572',220,115,'Seguros a terceros con franquicia','2021-04-01','2021-12-17',1);									
INSERT INTO seguro_vehiculo(id,numero_poliza,precio,franquicia,cobertura,fecha_inicio,fecha_fin,compania_id) VALUES (99,'683752464207',135,0,'Seguros a terceros','2021-05-03','2021-11-01',15);									
INSERT INTO seguro_vehiculo(id,numero_poliza,precio,franquicia,cobertura,fecha_inicio,fecha_fin,compania_id) VALUES (100,'9533701476446',520,50,'A todo riesgo con franquicia','2021-03-06','2021-10-07',14);									
INSERT INTO seguro_vehiculo(id,numero_poliza,precio,franquicia,cobertura,fecha_inicio,fecha_fin,compania_id) VALUES (101,'8203057902811',90.35,100,'Seguros a terceros con franquicia','2020-08-07','2021-09-07',15);									
INSERT INTO seguro_vehiculo(id,numero_poliza,precio,franquicia,cobertura,fecha_inicio,fecha_fin,compania_id) VALUES (102,'2915426869458',110.67,0,'Terceros ampliado','2020-09-07','2021-08-07',14);									
INSERT INTO seguro_vehiculo(id,numero_poliza,precio,franquicia,cobertura,fecha_inicio,fecha_fin,compania_id) VALUES (103,'5512849323571',103.32,0,'Seguros a terceros','2020-06-07','2021-05-07',9);									
INSERT INTO seguro_vehiculo(id,numero_poliza,precio,franquicia,cobertura,fecha_inicio,fecha_fin,compania_id) VALUES (104,'5636308145088',388.7,0,'A todo riesgo','2020-05-07','2021-04-07',10);									
INSERT INTO seguro_vehiculo(id,numero_poliza,precio,franquicia,cobertura,fecha_inicio,fecha_fin,compania_id) VALUES (105,'257727187916',175,180,'Terceros ampliado con franquicia','2020-10-07','2021-03-07',4);									
INSERT INTO seguro_vehiculo(id,numero_poliza,precio,franquicia,cobertura,fecha_inicio,fecha_fin,compania_id) VALUES (106,'7296760509955',325.7,0,'Seguros a terceros','2020-09-07','2021-11-07',6);									
INSERT INTO seguro_vehiculo(id,numero_poliza,precio,franquicia,cobertura,fecha_inicio,fecha_fin,compania_id) VALUES (107,'6775575332127',320,200,'A todo riesgo con franquicia','2020-08-07','2021-10-07',13);									
INSERT INTO seguro_vehiculo(id,numero_poliza,precio,franquicia,cobertura,fecha_inicio,fecha_fin,compania_id) VALUES (108,'1749908496922',220,115,'Seguros a terceros con franquicia','2021-04-01','2021-12-17',10);									
INSERT INTO seguro_vehiculo(id,numero_poliza,precio,franquicia,cobertura,fecha_inicio,fecha_fin,compania_id) VALUES (109,'2620121953225',135,0,'Seguros a terceros','2021-05-03','2021-11-01',15);									
INSERT INTO seguro_vehiculo(id,numero_poliza,precio,franquicia,cobertura,fecha_inicio,fecha_fin,compania_id) VALUES (110,'4782361672561',520,50,'A todo riesgo con franquicia','2021-03-06','2021-10-07',15);									
INSERT INTO seguro_vehiculo(id,numero_poliza,precio,franquicia,cobertura,fecha_inicio,fecha_fin,compania_id) VALUES (111,'1526952949336',90.35,100,'Seguros a terceros con franquicia','2020-08-07','2021-09-07',6);									
INSERT INTO seguro_vehiculo(id,numero_poliza,precio,franquicia,cobertura,fecha_inicio,fecha_fin,compania_id) VALUES (112,'4172197262963',110.67,0,'Terceros ampliado','2020-09-07','2021-08-07',8);									
INSERT INTO seguro_vehiculo(id,numero_poliza,precio,franquicia,cobertura,fecha_inicio,fecha_fin,compania_id) VALUES (113,'5024019316353',103.32,0,'Seguros a terceros','2020-06-07','2021-05-07',7);									
INSERT INTO seguro_vehiculo(id,numero_poliza,precio,franquicia,cobertura,fecha_inicio,fecha_fin,compania_id) VALUES (114,'8221283435401',388.7,0,'A todo riesgo','2020-05-07','2021-04-07',1);									
INSERT INTO seguro_vehiculo(id,numero_poliza,precio,franquicia,cobertura,fecha_inicio,fecha_fin,compania_id) VALUES (115,'2254344490275',175,180,'Terceros ampliado con franquicia','2020-10-07','2021-03-07',4);									
INSERT INTO seguro_vehiculo(id,numero_poliza,precio,franquicia,cobertura,fecha_inicio,fecha_fin,compania_id) VALUES (116,'866958321693',325.7,0,'Seguros a terceros','2020-09-07','2021-11-07',13);									
INSERT INTO seguro_vehiculo(id,numero_poliza,precio,franquicia,cobertura,fecha_inicio,fecha_fin,compania_id) VALUES (117,'2590899301372',320,200,'A todo riesgo con franquicia','2020-08-07','2021-10-07',3);									
INSERT INTO seguro_vehiculo(id,numero_poliza,precio,franquicia,cobertura,fecha_inicio,fecha_fin,compania_id) VALUES (118,'1531738513055',220,115,'Seguros a terceros con franquicia','2021-04-01','2021-12-17',8);									
INSERT INTO seguro_vehiculo(id,numero_poliza,precio,franquicia,cobertura,fecha_inicio,fecha_fin,compania_id) VALUES (119,'7791580515070',135,0,'Seguros a terceros','2021-05-03','2021-11-01',11);									
INSERT INTO seguro_vehiculo(id,numero_poliza,precio,franquicia,cobertura,fecha_inicio,fecha_fin,compania_id) VALUES (120,'5211663528032',520,50,'A todo riesgo con franquicia','2021-03-06','2021-10-07',15);									
INSERT INTO seguro_vehiculo(id,numero_poliza,precio,franquicia,cobertura,fecha_inicio,fecha_fin,compania_id) VALUES (121,'9439787208364',90.35,100,'Seguros a terceros con franquicia','2020-08-07','2021-09-07',8);									
INSERT INTO seguro_vehiculo(id,numero_poliza,precio,franquicia,cobertura,fecha_inicio,fecha_fin,compania_id) VALUES (122,'2676345406394',110.67,0,'Terceros ampliado','2020-09-07','2021-08-07',11);									
INSERT INTO seguro_vehiculo(id,numero_poliza,precio,franquicia,cobertura,fecha_inicio,fecha_fin,compania_id) VALUES (123,'5836684157823',103.32,0,'Seguros a terceros','2020-06-07','2021-05-07',14);									
INSERT INTO seguro_vehiculo(id,numero_poliza,precio,franquicia,cobertura,fecha_inicio,fecha_fin,compania_id) VALUES (124,'1180774585812',388.7,0,'A todo riesgo','2020-05-07','2021-04-07',10);									
INSERT INTO seguro_vehiculo(id,numero_poliza,precio,franquicia,cobertura,fecha_inicio,fecha_fin,compania_id) VALUES (125,'3106468103237',175,180,'Terceros ampliado con franquicia','2020-10-07','2021-03-07',9);									
INSERT INTO seguro_vehiculo(id,numero_poliza,precio,franquicia,cobertura,fecha_inicio,fecha_fin,compania_id) VALUES (126,'2870615019722',325.7,0,'Seguros a terceros','2020-09-07','2021-11-07',12);									
INSERT INTO seguro_vehiculo(id,numero_poliza,precio,franquicia,cobertura,fecha_inicio,fecha_fin,compania_id) VALUES (127,'7154216626578',320,200,'A todo riesgo con franquicia','2020-08-07','2021-10-07',13);									
INSERT INTO seguro_vehiculo(id,numero_poliza,precio,franquicia,cobertura,fecha_inicio,fecha_fin,compania_id) VALUES (128,'7652913237827',220,115,'Seguros a terceros con franquicia','2021-04-01','2021-12-17',13);									
INSERT INTO seguro_vehiculo(id,numero_poliza,precio,franquicia,cobertura,fecha_inicio,fecha_fin,compania_id) VALUES (129,'4944201313703',135,0,'Seguros a terceros','2021-05-03','2021-11-01',10);									
INSERT INTO seguro_vehiculo(id,numero_poliza,precio,franquicia,cobertura,fecha_inicio,fecha_fin,compania_id) VALUES (130,'1065094106314',520,50,'A todo riesgo con franquicia','2021-03-06','2021-10-07',4);									
INSERT INTO seguro_vehiculo(id,numero_poliza,precio,franquicia,cobertura,fecha_inicio,fecha_fin,compania_id) VALUES (131,'2177924197647',90.35,100,'Seguros a terceros con franquicia','2020-08-07','2021-09-07',14);									
INSERT INTO seguro_vehiculo(id,numero_poliza,precio,franquicia,cobertura,fecha_inicio,fecha_fin,compania_id) VALUES (132,'3670367776147',110.67,0,'Terceros ampliado','2020-09-07','2021-08-07',12);									
INSERT INTO seguro_vehiculo(id,numero_poliza,precio,franquicia,cobertura,fecha_inicio,fecha_fin,compania_id) VALUES (133,'3410391400058',103.32,0,'Seguros a terceros','2020-06-07','2021-05-07',11);									
INSERT INTO seguro_vehiculo(id,numero_poliza,precio,franquicia,cobertura,fecha_inicio,fecha_fin,compania_id) VALUES (134,'3010971095746',388.7,0,'A todo riesgo','2020-05-07','2021-04-07',8);									
INSERT INTO seguro_vehiculo(id,numero_poliza,precio,franquicia,cobertura,fecha_inicio,fecha_fin,compania_id) VALUES (135,'6354928936191',175,180,'Terceros ampliado con franquicia','2020-10-07','2021-03-07',4);									
INSERT INTO seguro_vehiculo(id,numero_poliza,precio,franquicia,cobertura,fecha_inicio,fecha_fin,compania_id) VALUES (136,'4365529832075',325.7,0,'Seguros a terceros','2020-09-07','2021-11-07',9);									
INSERT INTO seguro_vehiculo(id,numero_poliza,precio,franquicia,cobertura,fecha_inicio,fecha_fin,compania_id) VALUES (137,'4628424271151',320,200,'A todo riesgo con franquicia','2020-08-07','2021-10-07',5);									
INSERT INTO seguro_vehiculo(id,numero_poliza,precio,franquicia,cobertura,fecha_inicio,fecha_fin,compania_id) VALUES (138,'951076842277',220,115,'Seguros a terceros con franquicia','2021-04-01','2021-12-17',1);									
INSERT INTO seguro_vehiculo(id,numero_poliza,precio,franquicia,cobertura,fecha_inicio,fecha_fin,compania_id) VALUES (139,'5925214750903',135,0,'Seguros a terceros','2021-05-03','2021-11-01',3);									
INSERT INTO seguro_vehiculo(id,numero_poliza,precio,franquicia,cobertura,fecha_inicio,fecha_fin,compania_id) VALUES (140,'6682693889151',520,50,'A todo riesgo con franquicia','2021-03-06','2021-10-07',5);									
INSERT INTO seguro_vehiculo(id,numero_poliza,precio,franquicia,cobertura,fecha_inicio,fecha_fin,compania_id) VALUES (141,'458302774739',90.35,100,'Seguros a terceros con franquicia','2020-08-07','2021-09-07',9);									
INSERT INTO seguro_vehiculo(id,numero_poliza,precio,franquicia,cobertura,fecha_inicio,fecha_fin,compania_id) VALUES (142,'3452980417634',110.67,0,'Terceros ampliado','2020-09-07','2021-08-07',3);									
INSERT INTO seguro_vehiculo(id,numero_poliza,precio,franquicia,cobertura,fecha_inicio,fecha_fin,compania_id) VALUES (143,'8603863271285',103.32,0,'Seguros a terceros','2020-06-07','2021-05-07',9);									
INSERT INTO seguro_vehiculo(id,numero_poliza,precio,franquicia,cobertura,fecha_inicio,fecha_fin,compania_id) VALUES (144,'7040095001056',388.7,0,'A todo riesgo','2020-05-07','2021-04-07',1);									
INSERT INTO seguro_vehiculo(id,numero_poliza,precio,franquicia,cobertura,fecha_inicio,fecha_fin,compania_id) VALUES (145,'1844939302700',175,180,'Terceros ampliado con franquicia','2020-10-07','2021-03-07',2);									
INSERT INTO seguro_vehiculo(id,numero_poliza,precio,franquicia,cobertura,fecha_inicio,fecha_fin,compania_id) VALUES (146,'9222711065721',325.7,0,'Seguros a terceros','2020-09-07','2021-11-07',3);									
INSERT INTO seguro_vehiculo(id,numero_poliza,precio,franquicia,cobertura,fecha_inicio,fecha_fin,compania_id) VALUES (147,'5764523205792',320,200,'A todo riesgo con franquicia','2020-08-07','2021-10-07',7);									
INSERT INTO seguro_vehiculo(id,numero_poliza,precio,franquicia,cobertura,fecha_inicio,fecha_fin,compania_id) VALUES (148,'6333702980368',220,115,'Seguros a terceros con franquicia','2021-04-01','2021-12-17',14);									
INSERT INTO seguro_vehiculo(id,numero_poliza,precio,franquicia,cobertura,fecha_inicio,fecha_fin,compania_id) VALUES (149,'6822521554332',135,0,'Seguros a terceros','2021-05-03','2021-11-01',9);									
INSERT INTO seguro_vehiculo(id,numero_poliza,precio,franquicia,cobertura,fecha_inicio,fecha_fin,compania_id) VALUES (150,'2798053650231',520,50,'A todo riesgo con franquicia','2021-03-06','2021-10-07',6);									
INSERT INTO seguro_vehiculo(id,numero_poliza,precio,franquicia,cobertura,fecha_inicio,fecha_fin,compania_id) VALUES (151,'9678118268936',90.35,100,'Seguros a terceros con franquicia','2020-08-07','2021-09-07',3);									
INSERT INTO seguro_vehiculo(id,numero_poliza,precio,franquicia,cobertura,fecha_inicio,fecha_fin,compania_id) VALUES (152,'9507999379710',110.67,0,'Terceros ampliado','2020-09-07','2021-08-07',10);									
INSERT INTO seguro_vehiculo(id,numero_poliza,precio,franquicia,cobertura,fecha_inicio,fecha_fin,compania_id) VALUES (153,'4208726982026',103.32,0,'Seguros a terceros','2020-06-07','2021-05-07',15);									
INSERT INTO seguro_vehiculo(id,numero_poliza,precio,franquicia,cobertura,fecha_inicio,fecha_fin,compania_id) VALUES (154,'6702102208133',388.7,0,'A todo riesgo','2020-05-07','2021-04-07',11);									
INSERT INTO seguro_vehiculo(id,numero_poliza,precio,franquicia,cobertura,fecha_inicio,fecha_fin,compania_id) VALUES (155,'7662567231641',175,180,'Terceros ampliado con franquicia','2020-10-07','2021-03-07',10);									
INSERT INTO seguro_vehiculo(id,numero_poliza,precio,franquicia,cobertura,fecha_inicio,fecha_fin,compania_id) VALUES (156,'8614216780774',325.7,0,'Seguros a terceros','2020-09-07','2021-11-07',10);									
INSERT INTO seguro_vehiculo(id,numero_poliza,precio,franquicia,cobertura,fecha_inicio,fecha_fin,compania_id) VALUES (157,'8438657657626',320,200,'A todo riesgo con franquicia','2020-08-07','2021-10-07',8);									
INSERT INTO seguro_vehiculo(id,numero_poliza,precio,franquicia,cobertura,fecha_inicio,fecha_fin,compania_id) VALUES (158,'5486171235184',220,115,'Seguros a terceros con franquicia','2021-04-01','2021-12-17',2);									
INSERT INTO seguro_vehiculo(id,numero_poliza,precio,franquicia,cobertura,fecha_inicio,fecha_fin,compania_id) VALUES (159,'777946050044',135,0,'Seguros a terceros','2021-05-03','2021-11-01',5);									
INSERT INTO seguro_vehiculo(id,numero_poliza,precio,franquicia,cobertura,fecha_inicio,fecha_fin,compania_id) VALUES (160,'2712758735606',520,50,'A todo riesgo con franquicia','2021-03-06','2021-10-07',1);									
INSERT INTO seguro_vehiculo(id,numero_poliza,precio,franquicia,cobertura,fecha_inicio,fecha_fin,compania_id) VALUES (161,'2992111631520',90.35,100,'Seguros a terceros con franquicia','2020-08-07','2021-09-07',12);									
INSERT INTO seguro_vehiculo(id,numero_poliza,precio,franquicia,cobertura,fecha_inicio,fecha_fin,compania_id) VALUES (162,'8538049125675',110.67,0,'Terceros ampliado','2020-09-07','2021-08-07',10);									
INSERT INTO seguro_vehiculo(id,numero_poliza,precio,franquicia,cobertura,fecha_inicio,fecha_fin,compania_id) VALUES (163,'4120849356148',103.32,0,'Seguros a terceros','2020-06-07','2021-05-07',1);									
INSERT INTO seguro_vehiculo(id,numero_poliza,precio,franquicia,cobertura,fecha_inicio,fecha_fin,compania_id) VALUES (164,'6240533546930',388.7,0,'A todo riesgo','2020-05-07','2021-04-07',6);									
INSERT INTO seguro_vehiculo(id,numero_poliza,precio,franquicia,cobertura,fecha_inicio,fecha_fin,compania_id) VALUES (165,'732577095531',175,180,'Terceros ampliado con franquicia','2020-10-07','2021-03-07',1);									
INSERT INTO seguro_vehiculo(id,numero_poliza,precio,franquicia,cobertura,fecha_inicio,fecha_fin,compania_id) VALUES (166,'1324132476419',325.7,0,'Seguros a terceros','2020-09-07','2021-11-07',14);									
INSERT INTO seguro_vehiculo(id,numero_poliza,precio,franquicia,cobertura,fecha_inicio,fecha_fin,compania_id) VALUES (167,'6760254269842',320,200,'A todo riesgo con franquicia','2020-08-07','2021-10-07',3);									
INSERT INTO seguro_vehiculo(id,numero_poliza,precio,franquicia,cobertura,fecha_inicio,fecha_fin,compania_id) VALUES (168,'5846331771972',220,115,'Seguros a terceros con franquicia','2021-04-01','2021-12-17',8);									
INSERT INTO seguro_vehiculo(id,numero_poliza,precio,franquicia,cobertura,fecha_inicio,fecha_fin,compania_id) VALUES (169,'890241333396',135,0,'Seguros a terceros','2021-05-03','2021-11-01',4);									
INSERT INTO seguro_vehiculo(id,numero_poliza,precio,franquicia,cobertura,fecha_inicio,fecha_fin,compania_id) VALUES (170,'5944150296037',520,50,'A todo riesgo con franquicia','2021-03-06','2021-10-07',7);									
INSERT INTO seguro_vehiculo(id,numero_poliza,precio,franquicia,cobertura,fecha_inicio,fecha_fin,compania_id) VALUES (171,'272391727589',90.35,100,'Seguros a terceros con franquicia','2020-08-07','2021-09-07',9);									
INSERT INTO seguro_vehiculo(id,numero_poliza,precio,franquicia,cobertura,fecha_inicio,fecha_fin,compania_id) VALUES (172,'4789365948657',110.67,0,'Terceros ampliado','2020-09-07','2021-08-07',4);									
INSERT INTO seguro_vehiculo(id,numero_poliza,precio,franquicia,cobertura,fecha_inicio,fecha_fin,compania_id) VALUES (173,'2038924187703',103.32,0,'Seguros a terceros','2020-06-07','2021-05-07',13);									
INSERT INTO seguro_vehiculo(id,numero_poliza,precio,franquicia,cobertura,fecha_inicio,fecha_fin,compania_id) VALUES (174,'5248031202130',388.7,0,'A todo riesgo','2020-05-07','2021-04-07',13);									
INSERT INTO seguro_vehiculo(id,numero_poliza,precio,franquicia,cobertura,fecha_inicio,fecha_fin,compania_id) VALUES (175,'2074599425247',175,180,'Terceros ampliado con franquicia','2020-10-07','2021-03-07',1);									
INSERT INTO seguro_vehiculo(id,numero_poliza,precio,franquicia,cobertura,fecha_inicio,fecha_fin,compania_id) VALUES (176,'6499153747703',325.7,0,'Seguros a terceros','2020-09-07','2021-11-07',11);									
INSERT INTO seguro_vehiculo(id,numero_poliza,precio,franquicia,cobertura,fecha_inicio,fecha_fin,compania_id) VALUES (177,'6208098689390',320,200,'A todo riesgo con franquicia','2020-08-07','2021-10-07',4);									
INSERT INTO seguro_vehiculo(id,numero_poliza,precio,franquicia,cobertura,fecha_inicio,fecha_fin,compania_id) VALUES (178,'2463575678803',220,115,'Seguros a terceros con franquicia','2021-04-01','2021-12-17',10);									
INSERT INTO seguro_vehiculo(id,numero_poliza,precio,franquicia,cobertura,fecha_inicio,fecha_fin,compania_id) VALUES (179,'1930109966775',135,0,'Seguros a terceros','2021-05-03','2021-11-01',2);									
INSERT INTO seguro_vehiculo(id,numero_poliza,precio,franquicia,cobertura,fecha_inicio,fecha_fin,compania_id) VALUES (180,'9084870726237',520,50,'A todo riesgo con franquicia','2021-03-06','2021-10-07',1);									
INSERT INTO seguro_vehiculo(id,numero_poliza,precio,franquicia,cobertura,fecha_inicio,fecha_fin,compania_id) VALUES (181,'5957572119141',90.35,100,'Seguros a terceros con franquicia','2020-08-07','2021-09-07',5);									
INSERT INTO seguro_vehiculo(id,numero_poliza,precio,franquicia,cobertura,fecha_inicio,fecha_fin,compania_id) VALUES (182,'5345807809957',110.67,0,'Terceros ampliado','2020-09-07','2021-08-07',14);									
INSERT INTO seguro_vehiculo(id,numero_poliza,precio,franquicia,cobertura,fecha_inicio,fecha_fin,compania_id) VALUES (183,'2479914639618',103.32,0,'Seguros a terceros','2020-06-07','2021-05-07',9);									
INSERT INTO seguro_vehiculo(id,numero_poliza,precio,franquicia,cobertura,fecha_inicio,fecha_fin,compania_id) VALUES (184,'5969652754858',388.7,0,'A todo riesgo','2020-05-07','2021-04-07',3);									
INSERT INTO seguro_vehiculo(id,numero_poliza,precio,franquicia,cobertura,fecha_inicio,fecha_fin,compania_id) VALUES (185,'8805351701102',175,180,'Terceros ampliado con franquicia','2020-10-07','2021-03-07',4);									
INSERT INTO seguro_vehiculo(id,numero_poliza,precio,franquicia,cobertura,fecha_inicio,fecha_fin,compania_id) VALUES (186,'2267260634707',325.7,0,'Seguros a terceros','2020-09-07','2021-11-07',5);									
INSERT INTO seguro_vehiculo(id,numero_poliza,precio,franquicia,cobertura,fecha_inicio,fecha_fin,compania_id) VALUES (187,'3324322622996',320,200,'A todo riesgo con franquicia','2020-08-07','2021-10-07',13);									
INSERT INTO seguro_vehiculo(id,numero_poliza,precio,franquicia,cobertura,fecha_inicio,fecha_fin,compania_id) VALUES (188,'3459814900946',220,115,'Seguros a terceros con franquicia','2021-04-01','2021-12-17',6);									
INSERT INTO seguro_vehiculo(id,numero_poliza,precio,franquicia,cobertura,fecha_inicio,fecha_fin,compania_id) VALUES (189,'6221043126133',135,0,'Seguros a terceros','2021-05-03','2021-11-01',6);									
INSERT INTO seguro_vehiculo(id,numero_poliza,precio,franquicia,cobertura,fecha_inicio,fecha_fin,compania_id) VALUES (190,'8326993416426',520,50,'A todo riesgo con franquicia','2021-03-06','2021-10-07',12);									
INSERT INTO seguro_vehiculo(id,numero_poliza,precio,franquicia,cobertura,fecha_inicio,fecha_fin,compania_id) VALUES (191,'2114806946498',90.35,100,'Seguros a terceros con franquicia','2020-08-07','2021-09-07',7);									
INSERT INTO seguro_vehiculo(id,numero_poliza,precio,franquicia,cobertura,fecha_inicio,fecha_fin,compania_id) VALUES (192,'8250502862234',110.67,0,'Terceros ampliado','2020-09-07','2021-08-07',12);									
INSERT INTO seguro_vehiculo(id,numero_poliza,precio,franquicia,cobertura,fecha_inicio,fecha_fin,compania_id) VALUES (193,'9994044615504',103.32,0,'Seguros a terceros','2020-06-07','2021-05-07',13);									
INSERT INTO seguro_vehiculo(id,numero_poliza,precio,franquicia,cobertura,fecha_inicio,fecha_fin,compania_id) VALUES (194,'9449922382347',388.7,0,'A todo riesgo','2020-05-07','2021-04-07',10);									
INSERT INTO seguro_vehiculo(id,numero_poliza,precio,franquicia,cobertura,fecha_inicio,fecha_fin,compania_id) VALUES (195,'1980068061332',175,180,'Terceros ampliado con franquicia','2020-10-07','2021-03-07',6);									
INSERT INTO seguro_vehiculo(id,numero_poliza,precio,franquicia,cobertura,fecha_inicio,fecha_fin,compania_id) VALUES (196,'876361603080',325.7,0,'Seguros a terceros','2020-09-07','2021-11-07',10);									
INSERT INTO seguro_vehiculo(id,numero_poliza,precio,franquicia,cobertura,fecha_inicio,fecha_fin,compania_id) VALUES (197,'4992238341464',320,200,'A todo riesgo con franquicia','2020-08-07','2021-10-07',15);									
INSERT INTO seguro_vehiculo(id,numero_poliza,precio,franquicia,cobertura,fecha_inicio,fecha_fin,compania_id) VALUES (198,'9265085623081',220,115,'Seguros a terceros con franquicia','2021-04-01','2021-12-17',11);									
INSERT INTO seguro_vehiculo(id,numero_poliza,precio,franquicia,cobertura,fecha_inicio,fecha_fin,compania_id) VALUES (199,'6844685873074',135,0,'Seguros a terceros','2021-05-03','2021-11-01',14);									
INSERT INTO seguro_vehiculo(id,numero_poliza,precio,franquicia,cobertura,fecha_inicio,fecha_fin,compania_id) VALUES (200,'2044385948830',520,50,'A todo riesgo con franquicia','2021-03-06','2021-10-07',13);									
INSERT INTO seguro_vehiculo(id,numero_poliza,precio,franquicia,cobertura,fecha_inicio,fecha_fin,compania_id) VALUES (201,'5102859259389',90.35,100,'Seguros a terceros con franquicia','2020-08-07','2021-09-07',7);									
INSERT INTO seguro_vehiculo(id,numero_poliza,precio,franquicia,cobertura,fecha_inicio,fecha_fin,compania_id) VALUES (202,'7196472217668',110.67,0,'Terceros ampliado','2020-09-07','2021-08-07',3);									
INSERT INTO seguro_vehiculo(id,numero_poliza,precio,franquicia,cobertura,fecha_inicio,fecha_fin,compania_id) VALUES (203,'5113331197082',103.32,0,'Seguros a terceros','2020-06-07','2021-05-07',1);									
INSERT INTO seguro_vehiculo(id,numero_poliza,precio,franquicia,cobertura,fecha_inicio,fecha_fin,compania_id) VALUES (204,'4675793169045',388.7,0,'A todo riesgo','2020-05-07','2021-04-07',1);									
INSERT INTO seguro_vehiculo(id,numero_poliza,precio,franquicia,cobertura,fecha_inicio,fecha_fin,compania_id) VALUES (205,'7579390876925',175,180,'Terceros ampliado con franquicia','2020-10-07','2021-03-07',2);									
INSERT INTO seguro_vehiculo(id,numero_poliza,precio,franquicia,cobertura,fecha_inicio,fecha_fin,compania_id) VALUES (206,'7042516347265',325.7,0,'Seguros a terceros','2020-09-07','2021-11-07',14);									
INSERT INTO seguro_vehiculo(id,numero_poliza,precio,franquicia,cobertura,fecha_inicio,fecha_fin,compania_id) VALUES (207,'1285575131873',320,200,'A todo riesgo con franquicia','2020-08-07','2021-10-07',10);									
INSERT INTO seguro_vehiculo(id,numero_poliza,precio,franquicia,cobertura,fecha_inicio,fecha_fin,compania_id) VALUES (208,'7688463921080',220,115,'Seguros a terceros con franquicia','2021-04-01','2021-12-17',6);									
INSERT INTO seguro_vehiculo(id,numero_poliza,precio,franquicia,cobertura,fecha_inicio,fecha_fin,compania_id) VALUES (209,'6489369272454',135,0,'Seguros a terceros','2021-05-03','2021-11-01',3);									
INSERT INTO seguro_vehiculo(id,numero_poliza,precio,franquicia,cobertura,fecha_inicio,fecha_fin,compania_id) VALUES (210,'131655152986',520,50,'A todo riesgo con franquicia','2021-03-06','2021-10-07',15);									
INSERT INTO seguro_vehiculo(id,numero_poliza,precio,franquicia,cobertura,fecha_inicio,fecha_fin,compania_id) VALUES (211,'8317288449472',90.35,100,'Seguros a terceros con franquicia','2020-08-07','2021-09-07',14);									
INSERT INTO seguro_vehiculo(id,numero_poliza,precio,franquicia,cobertura,fecha_inicio,fecha_fin,compania_id) VALUES (212,'4422539435109',110.67,0,'Terceros ampliado','2020-09-07','2021-08-07',6);									
INSERT INTO seguro_vehiculo(id,numero_poliza,precio,franquicia,cobertura,fecha_inicio,fecha_fin,compania_id) VALUES (213,'6792005038315',103.32,0,'Seguros a terceros','2020-06-07','2021-05-07',11);									
INSERT INTO seguro_vehiculo(id,numero_poliza,precio,franquicia,cobertura,fecha_inicio,fecha_fin,compania_id) VALUES (214,'8300979762346',388.7,0,'A todo riesgo','2020-05-07','2021-04-07',5);									
INSERT INTO seguro_vehiculo(id,numero_poliza,precio,franquicia,cobertura,fecha_inicio,fecha_fin,compania_id) VALUES (215,'7168796532541',175,180,'Terceros ampliado con franquicia','2020-10-07','2021-03-07',8);									
INSERT INTO seguro_vehiculo(id,numero_poliza,precio,franquicia,cobertura,fecha_inicio,fecha_fin,compania_id) VALUES (216,'2119402457060',325.7,0,'Seguros a terceros','2020-09-07','2021-11-07',1);									
INSERT INTO seguro_vehiculo(id,numero_poliza,precio,franquicia,cobertura,fecha_inicio,fecha_fin,compania_id) VALUES (217,'8069964259461',320,200,'A todo riesgo con franquicia','2020-08-07','2021-10-07',7);									
INSERT INTO seguro_vehiculo(id,numero_poliza,precio,franquicia,cobertura,fecha_inicio,fecha_fin,compania_id) VALUES (218,'9568301667307',220,115,'Seguros a terceros con franquicia','2021-04-01','2021-12-17',12);									
INSERT INTO seguro_vehiculo(id,numero_poliza,precio,franquicia,cobertura,fecha_inicio,fecha_fin,compania_id) VALUES (219,'9171288638340',135,0,'Seguros a terceros','2021-05-03','2021-11-01',14);									
INSERT INTO seguro_vehiculo(id,numero_poliza,precio,franquicia,cobertura,fecha_inicio,fecha_fin,compania_id) VALUES (220,'3690907719974',520,50,'A todo riesgo con franquicia','2021-03-06','2021-10-07',8);									
INSERT INTO seguro_vehiculo(id,numero_poliza,precio,franquicia,cobertura,fecha_inicio,fecha_fin,compania_id) VALUES (221,'591796127513',90.35,100,'Seguros a terceros con franquicia','2020-08-07','2021-09-07',11);									
INSERT INTO seguro_vehiculo(id,numero_poliza,precio,franquicia,cobertura,fecha_inicio,fecha_fin,compania_id) VALUES (222,'3937933918346',110.67,0,'Terceros ampliado','2020-09-07','2021-08-07',6);									
INSERT INTO seguro_vehiculo(id,numero_poliza,precio,franquicia,cobertura,fecha_inicio,fecha_fin,compania_id) VALUES (223,'3865096813378',103.32,0,'Seguros a terceros','2020-06-07','2021-05-07',9);									
INSERT INTO seguro_vehiculo(id,numero_poliza,precio,franquicia,cobertura,fecha_inicio,fecha_fin,compania_id) VALUES (224,'909279644839',388.7,0,'A todo riesgo','2020-05-07','2021-04-07',15);									
INSERT INTO seguro_vehiculo(id,numero_poliza,precio,franquicia,cobertura,fecha_inicio,fecha_fin,compania_id) VALUES (225,'4761968995492',175,180,'Terceros ampliado con franquicia','2020-10-07','2021-03-07',8);									
INSERT INTO seguro_vehiculo(id,numero_poliza,precio,franquicia,cobertura,fecha_inicio,fecha_fin,compania_id) VALUES (226,'3210866685421',325.7,0,'Seguros a terceros','2020-09-07','2021-11-07',7);									
INSERT INTO seguro_vehiculo(id,numero_poliza,precio,franquicia,cobertura,fecha_inicio,fecha_fin,compania_id) VALUES (227,'3549151704206',320,200,'A todo riesgo con franquicia','2020-08-07','2021-10-07',9);									
INSERT INTO seguro_vehiculo(id,numero_poliza,precio,franquicia,cobertura,fecha_inicio,fecha_fin,compania_id) VALUES (228,'5919420522984',220,115,'Seguros a terceros con franquicia','2021-04-01','2021-12-17',10);									
INSERT INTO seguro_vehiculo(id,numero_poliza,precio,franquicia,cobertura,fecha_inicio,fecha_fin,compania_id) VALUES (229,'4579909122326',135,0,'Seguros a terceros','2021-05-03','2021-11-01',10);									
INSERT INTO seguro_vehiculo(id,numero_poliza,precio,franquicia,cobertura,fecha_inicio,fecha_fin,compania_id) VALUES (230,'8397390181709',520,50,'A todo riesgo con franquicia','2021-03-06','2021-10-07',7);									
INSERT INTO seguro_vehiculo(id,numero_poliza,precio,franquicia,cobertura,fecha_inicio,fecha_fin,compania_id) VALUES (231,'204450811787',90.35,100,'Seguros a terceros con franquicia','2020-08-07','2021-09-07',1);									
INSERT INTO seguro_vehiculo(id,numero_poliza,precio,franquicia,cobertura,fecha_inicio,fecha_fin,compania_id) VALUES (232,'9497512836250',110.67,0,'Terceros ampliado','2020-09-07','2021-08-07',12);									
INSERT INTO seguro_vehiculo(id,numero_poliza,precio,franquicia,cobertura,fecha_inicio,fecha_fin,compania_id) VALUES (233,'7211358559639',103.32,0,'Seguros a terceros','2020-06-07','2021-05-07',13);									
INSERT INTO seguro_vehiculo(id,numero_poliza,precio,franquicia,cobertura,fecha_inicio,fecha_fin,compania_id) VALUES (234,'7808419910772',388.7,0,'A todo riesgo','2020-05-07','2021-04-07',5);									
INSERT INTO seguro_vehiculo(id,numero_poliza,precio,franquicia,cobertura,fecha_inicio,fecha_fin,compania_id) VALUES (235,'8602029834459',175,180,'Terceros ampliado con franquicia','2020-10-07','2021-03-07',10);									
INSERT INTO seguro_vehiculo(id,numero_poliza,precio,franquicia,cobertura,fecha_inicio,fecha_fin,compania_id) VALUES (236,'3021679188122',325.7,0,'Seguros a terceros','2020-09-07','2021-11-07',10);									
INSERT INTO seguro_vehiculo(id,numero_poliza,precio,franquicia,cobertura,fecha_inicio,fecha_fin,compania_id) VALUES (237,'3027119237963',320,200,'A todo riesgo con franquicia','2020-08-07','2021-10-07',11);									
INSERT INTO seguro_vehiculo(id,numero_poliza,precio,franquicia,cobertura,fecha_inicio,fecha_fin,compania_id) VALUES (238,'1105597498339',220,115,'Seguros a terceros con franquicia','2021-04-01','2021-12-17',6);									
INSERT INTO seguro_vehiculo(id,numero_poliza,precio,franquicia,cobertura,fecha_inicio,fecha_fin,compania_id) VALUES (239,'4477761624645',135,0,'Seguros a terceros','2021-05-03','2021-11-01',10);									
INSERT INTO seguro_vehiculo(id,numero_poliza,precio,franquicia,cobertura,fecha_inicio,fecha_fin,compania_id) VALUES (240,'6239907956583',520,50,'A todo riesgo con franquicia','2021-03-06','2021-10-07',12);									
INSERT INTO seguro_vehiculo(id,numero_poliza,precio,franquicia,cobertura,fecha_inicio,fecha_fin,compania_id) VALUES (241,'5179843332704',90.35,100,'Seguros a terceros con franquicia','2020-08-07','2021-09-07',7);									
INSERT INTO seguro_vehiculo(id,numero_poliza,precio,franquicia,cobertura,fecha_inicio,fecha_fin,compania_id) VALUES (242,'279022771966',110.67,0,'Terceros ampliado','2020-09-07','2021-08-07',14);									
INSERT INTO seguro_vehiculo(id,numero_poliza,precio,franquicia,cobertura,fecha_inicio,fecha_fin,compania_id) VALUES (243,'7433502723153',103.32,0,'Seguros a terceros','2020-06-07','2021-05-07',6);									
INSERT INTO seguro_vehiculo(id,numero_poliza,precio,franquicia,cobertura,fecha_inicio,fecha_fin,compania_id) VALUES (244,'6466020496586',388.7,0,'A todo riesgo','2020-05-07','2021-04-07',1);									
INSERT INTO seguro_vehiculo(id,numero_poliza,precio,franquicia,cobertura,fecha_inicio,fecha_fin,compania_id) VALUES (245,'580106230127',175,180,'Terceros ampliado con franquicia','2020-10-07','2021-03-07',10);									
INSERT INTO seguro_vehiculo(id,numero_poliza,precio,franquicia,cobertura,fecha_inicio,fecha_fin,compania_id) VALUES (246,'4030163744336',325.7,0,'Seguros a terceros','2020-09-07','2021-11-07',7);									
INSERT INTO seguro_vehiculo(id,numero_poliza,precio,franquicia,cobertura,fecha_inicio,fecha_fin,compania_id) VALUES (247,'6440229740251',320,200,'A todo riesgo con franquicia','2020-08-07','2021-10-07',10);									
INSERT INTO seguro_vehiculo(id,numero_poliza,precio,franquicia,cobertura,fecha_inicio,fecha_fin,compania_id) VALUES (248,'1739707139116',220,115,'Seguros a terceros con franquicia','2021-04-01','2021-12-17',3);									
INSERT INTO seguro_vehiculo(id,numero_poliza,precio,franquicia,cobertura,fecha_inicio,fecha_fin,compania_id) VALUES (249,'6614595395345',135,0,'Seguros a terceros','2021-05-03','2021-11-01',3);									
INSERT INTO seguro_vehiculo(id,numero_poliza,precio,franquicia,cobertura,fecha_inicio,fecha_fin,compania_id) VALUES (250,'7800074862489',520,50,'A todo riesgo con franquicia','2021-03-06','2021-10-07',4);									
INSERT INTO seguro_vehiculo(id,numero_poliza,precio,franquicia,cobertura,fecha_inicio,fecha_fin,compania_id) VALUES (251,'8710929311633',90.35,100,'Seguros a terceros con franquicia','2020-08-07','2021-09-07',4);									
INSERT INTO seguro_vehiculo(id,numero_poliza,precio,franquicia,cobertura,fecha_inicio,fecha_fin,compania_id) VALUES (252,'4329369210309',110.67,0,'Terceros ampliado','2020-09-07','2021-08-07',13);									
INSERT INTO seguro_vehiculo(id,numero_poliza,precio,franquicia,cobertura,fecha_inicio,fecha_fin,compania_id) VALUES (253,'3200546681954',103.32,0,'Seguros a terceros','2020-06-07','2021-05-07',11);									
INSERT INTO seguro_vehiculo(id,numero_poliza,precio,franquicia,cobertura,fecha_inicio,fecha_fin,compania_id) VALUES (254,'4763523026091',388.7,0,'A todo riesgo','2020-05-07','2021-04-07',6);									
INSERT INTO seguro_vehiculo(id,numero_poliza,precio,franquicia,cobertura,fecha_inicio,fecha_fin,compania_id) VALUES (255,'1114242441627',175,180,'Terceros ampliado con franquicia','2020-10-07','2021-03-07',14);									
INSERT INTO seguro_vehiculo(id,numero_poliza,precio,franquicia,cobertura,fecha_inicio,fecha_fin,compania_id) VALUES (256,'5357620109896',325.7,0,'Seguros a terceros','2020-09-07','2021-11-07',8);									
INSERT INTO seguro_vehiculo(id,numero_poliza,precio,franquicia,cobertura,fecha_inicio,fecha_fin,compania_id) VALUES (257,'3527812061214',320,200,'A todo riesgo con franquicia','2020-08-07','2021-10-07',7);									
INSERT INTO seguro_vehiculo(id,numero_poliza,precio,franquicia,cobertura,fecha_inicio,fecha_fin,compania_id) VALUES (258,'9715597590251',220,115,'Seguros a terceros con franquicia','2021-04-01','2021-12-17',11);									
INSERT INTO seguro_vehiculo(id,numero_poliza,precio,franquicia,cobertura,fecha_inicio,fecha_fin,compania_id) VALUES (259,'7668612550674',135,0,'Seguros a terceros','2021-05-03','2021-11-01',6);									
INSERT INTO seguro_vehiculo(id,numero_poliza,precio,franquicia,cobertura,fecha_inicio,fecha_fin,compania_id) VALUES (260,'3113722244822',520,50,'A todo riesgo con franquicia','2021-03-06','2021-10-07',6);									
INSERT INTO seguro_vehiculo(id,numero_poliza,precio,franquicia,cobertura,fecha_inicio,fecha_fin,compania_id) VALUES (261,'6492989607868',90.35,100,'Seguros a terceros con franquicia','2020-08-07','2021-09-07',15);									
INSERT INTO seguro_vehiculo(id,numero_poliza,precio,franquicia,cobertura,fecha_inicio,fecha_fin,compania_id) VALUES (262,'7536124963373',110.67,0,'Terceros ampliado','2020-09-07','2021-08-07',13);									
INSERT INTO seguro_vehiculo(id,numero_poliza,precio,franquicia,cobertura,fecha_inicio,fecha_fin,compania_id) VALUES (263,'4599387471194',103.32,0,'Seguros a terceros','2020-06-07','2021-05-07',6);									
INSERT INTO seguro_vehiculo(id,numero_poliza,precio,franquicia,cobertura,fecha_inicio,fecha_fin,compania_id) VALUES (264,'3401794401527',388.7,0,'A todo riesgo','2020-05-07','2021-04-07',13);									
INSERT INTO seguro_vehiculo(id,numero_poliza,precio,franquicia,cobertura,fecha_inicio,fecha_fin,compania_id) VALUES (265,'8931969671193',175,180,'Terceros ampliado con franquicia','2020-10-07','2021-03-07',11);									
INSERT INTO seguro_vehiculo(id,numero_poliza,precio,franquicia,cobertura,fecha_inicio,fecha_fin,compania_id) VALUES (266,'2473031418134',325.7,0,'Seguros a terceros','2020-09-07','2021-11-07',6);									
INSERT INTO seguro_vehiculo(id,numero_poliza,precio,franquicia,cobertura,fecha_inicio,fecha_fin,compania_id) VALUES (267,'9321753300505',320,200,'A todo riesgo con franquicia','2020-08-07','2021-10-07',8);									
INSERT INTO seguro_vehiculo(id,numero_poliza,precio,franquicia,cobertura,fecha_inicio,fecha_fin,compania_id) VALUES (268,'7440913995438',220,115,'Seguros a terceros con franquicia','2021-04-01','2021-12-17',12);									
INSERT INTO seguro_vehiculo(id,numero_poliza,precio,franquicia,cobertura,fecha_inicio,fecha_fin,compania_id) VALUES (269,'3096265040201',135,0,'Seguros a terceros','2021-05-03','2021-11-01',12);									
INSERT INTO seguro_vehiculo(id,numero_poliza,precio,franquicia,cobertura,fecha_inicio,fecha_fin,compania_id) VALUES (270,'2364931517523',520,50,'A todo riesgo con franquicia','2021-03-06','2021-10-07',1);									
INSERT INTO seguro_vehiculo(id,numero_poliza,precio,franquicia,cobertura,fecha_inicio,fecha_fin,compania_id) VALUES (271,'7570011322903',90.35,100,'Seguros a terceros con franquicia','2020-08-07','2021-09-07',3);									
INSERT INTO seguro_vehiculo(id,numero_poliza,precio,franquicia,cobertura,fecha_inicio,fecha_fin,compania_id) VALUES (272,'4884093358577',110.67,0,'Terceros ampliado','2020-09-07','2021-08-07',7);									
INSERT INTO seguro_vehiculo(id,numero_poliza,precio,franquicia,cobertura,fecha_inicio,fecha_fin,compania_id) VALUES (273,'5660191824711',103.32,0,'Seguros a terceros','2020-06-07','2021-05-07',6);									
INSERT INTO seguro_vehiculo(id,numero_poliza,precio,franquicia,cobertura,fecha_inicio,fecha_fin,compania_id) VALUES (274,'3830576534856',388.7,0,'A todo riesgo','2020-05-07','2021-04-07',1);									
INSERT INTO seguro_vehiculo(id,numero_poliza,precio,franquicia,cobertura,fecha_inicio,fecha_fin,compania_id) VALUES (275,'1143126481067',175,180,'Terceros ampliado con franquicia','2020-10-07','2021-03-07',4);									
INSERT INTO seguro_vehiculo(id,numero_poliza,precio,franquicia,cobertura,fecha_inicio,fecha_fin,compania_id) VALUES (276,'1875644447061',325.7,0,'Seguros a terceros','2020-09-07','2021-11-07',14);									
INSERT INTO seguro_vehiculo(id,numero_poliza,precio,franquicia,cobertura,fecha_inicio,fecha_fin,compania_id) VALUES (277,'3935351994604',320,200,'A todo riesgo con franquicia','2020-08-07','2021-10-07',1);									
INSERT INTO seguro_vehiculo(id,numero_poliza,precio,franquicia,cobertura,fecha_inicio,fecha_fin,compania_id) VALUES (278,'9194474463373',220,115,'Seguros a terceros con franquicia','2021-04-01','2021-12-17',12);									
INSERT INTO seguro_vehiculo(id,numero_poliza,precio,franquicia,cobertura,fecha_inicio,fecha_fin,compania_id) VALUES (279,'181841868645',135,0,'Seguros a terceros','2021-05-03','2021-11-01',10);									
INSERT INTO seguro_vehiculo(id,numero_poliza,precio,franquicia,cobertura,fecha_inicio,fecha_fin,compania_id) VALUES (280,'5214602965255',520,50,'A todo riesgo con franquicia','2021-03-06','2021-10-07',12);									
INSERT INTO seguro_vehiculo(id,numero_poliza,precio,franquicia,cobertura,fecha_inicio,fecha_fin,compania_id) VALUES (281,'1119791195618',90.35,100,'Seguros a terceros con franquicia','2020-08-07','2021-09-07',2);									
INSERT INTO seguro_vehiculo(id,numero_poliza,precio,franquicia,cobertura,fecha_inicio,fecha_fin,compania_id) VALUES (282,'6356968988620',110.67,0,'Terceros ampliado','2020-09-07','2021-08-07',4);									
INSERT INTO seguro_vehiculo(id,numero_poliza,precio,franquicia,cobertura,fecha_inicio,fecha_fin,compania_id) VALUES (283,'9037812386992',103.32,0,'Seguros a terceros','2020-06-07','2021-05-07',2);									
INSERT INTO seguro_vehiculo(id,numero_poliza,precio,franquicia,cobertura,fecha_inicio,fecha_fin,compania_id) VALUES (284,'741222054568',388.7,0,'A todo riesgo','2020-05-07','2021-04-07',3);									
INSERT INTO seguro_vehiculo(id,numero_poliza,precio,franquicia,cobertura,fecha_inicio,fecha_fin,compania_id) VALUES (285,'385981436427',175,180,'Terceros ampliado con franquicia','2020-10-07','2021-03-07',12);									
INSERT INTO seguro_vehiculo(id,numero_poliza,precio,franquicia,cobertura,fecha_inicio,fecha_fin,compania_id) VALUES (286,'3232002899084',325.7,0,'Seguros a terceros','2020-09-07','2021-11-07',7);									
INSERT INTO seguro_vehiculo(id,numero_poliza,precio,franquicia,cobertura,fecha_inicio,fecha_fin,compania_id) VALUES (287,'4178253291333',320,200,'A todo riesgo con franquicia','2020-08-07','2021-10-07',10);									
INSERT INTO seguro_vehiculo(id,numero_poliza,precio,franquicia,cobertura,fecha_inicio,fecha_fin,compania_id) VALUES (288,'5235786567915',220,115,'Seguros a terceros con franquicia','2021-04-01','2021-12-17',2);									
INSERT INTO seguro_vehiculo(id,numero_poliza,precio,franquicia,cobertura,fecha_inicio,fecha_fin,compania_id) VALUES (289,'3540120268703',135,0,'Seguros a terceros','2021-05-03','2021-11-01',1);									
INSERT INTO seguro_vehiculo(id,numero_poliza,precio,franquicia,cobertura,fecha_inicio,fecha_fin,compania_id) VALUES (290,'5494799641356',520,50,'A todo riesgo con franquicia','2021-03-06','2021-10-07',9);									
INSERT INTO seguro_vehiculo(id,numero_poliza,precio,franquicia,cobertura,fecha_inicio,fecha_fin,compania_id) VALUES (291,'2347701912257',90.35,100,'Seguros a terceros con franquicia','2020-08-07','2021-09-07',9);									
INSERT INTO seguro_vehiculo(id,numero_poliza,precio,franquicia,cobertura,fecha_inicio,fecha_fin,compania_id) VALUES (292,'7506674098265',110.67,0,'Terceros ampliado','2020-09-07','2021-08-07',8);									
INSERT INTO seguro_vehiculo(id,numero_poliza,precio,franquicia,cobertura,fecha_inicio,fecha_fin,compania_id) VALUES (293,'184796329807',103.32,0,'Seguros a terceros','2020-06-07','2021-05-07',12);									
INSERT INTO seguro_vehiculo(id,numero_poliza,precio,franquicia,cobertura,fecha_inicio,fecha_fin,compania_id) VALUES (294,'1736532455877',388.7,0,'A todo riesgo','2020-05-07','2021-04-07',8);									
INSERT INTO seguro_vehiculo(id,numero_poliza,precio,franquicia,cobertura,fecha_inicio,fecha_fin,compania_id) VALUES (295,'115308591149',175,180,'Terceros ampliado con franquicia','2020-10-07','2021-03-07',8);									
INSERT INTO seguro_vehiculo(id,numero_poliza,precio,franquicia,cobertura,fecha_inicio,fecha_fin,compania_id) VALUES (296,'2071798905215',325.7,0,'Seguros a terceros','2020-09-07','2021-11-07',11);									
INSERT INTO seguro_vehiculo(id,numero_poliza,precio,franquicia,cobertura,fecha_inicio,fecha_fin,compania_id) VALUES (297,'3092974410429',320,200,'A todo riesgo con franquicia','2020-08-07','2021-10-07',9);									
INSERT INTO seguro_vehiculo(id,numero_poliza,precio,franquicia,cobertura,fecha_inicio,fecha_fin,compania_id) VALUES (298,'2843823557585',220,115,'Seguros a terceros con franquicia','2021-04-01','2021-12-17',8);									
INSERT INTO seguro_vehiculo(id,numero_poliza,precio,franquicia,cobertura,fecha_inicio,fecha_fin,compania_id) VALUES (299,'4311624924268',135,0,'Seguros a terceros','2021-05-03','2021-11-01',3);									
INSERT INTO seguro_vehiculo(id,numero_poliza,precio,franquicia,cobertura,fecha_inicio,fecha_fin,compania_id) VALUES (300,'8442744512274',520,50,'A todo riesgo con franquicia','2021-03-06','2021-10-07',8);									
INSERT INTO seguro_vehiculo(id,numero_poliza,precio,franquicia,cobertura,fecha_inicio,fecha_fin,compania_id) VALUES (301,'6030988218587',90.35,100,'Seguros a terceros con franquicia','2020-08-07','2021-09-07',12);									
INSERT INTO seguro_vehiculo(id,numero_poliza,precio,franquicia,cobertura,fecha_inicio,fecha_fin,compania_id) VALUES (302,'1158376591608',110.67,0,'Terceros ampliado','2020-09-07','2021-08-07',9);									
INSERT INTO seguro_vehiculo(id,numero_poliza,precio,franquicia,cobertura,fecha_inicio,fecha_fin,compania_id) VALUES (303,'238218679279',103.32,0,'Seguros a terceros','2020-06-07','2021-05-07',2);									
INSERT INTO seguro_vehiculo(id,numero_poliza,precio,franquicia,cobertura,fecha_inicio,fecha_fin,compania_id) VALUES (304,'6835130784752',388.7,0,'A todo riesgo','2020-05-07','2021-04-07',10);									
INSERT INTO seguro_vehiculo(id,numero_poliza,precio,franquicia,cobertura,fecha_inicio,fecha_fin,compania_id) VALUES (305,'7882228889412',175,180,'Terceros ampliado con franquicia','2020-10-07','2021-03-07',7);									
INSERT INTO seguro_vehiculo(id,numero_poliza,precio,franquicia,cobertura,fecha_inicio,fecha_fin,compania_id) VALUES (306,'2132659584335',325.7,0,'Seguros a terceros','2020-09-07','2021-11-07',6);									
INSERT INTO seguro_vehiculo(id,numero_poliza,precio,franquicia,cobertura,fecha_inicio,fecha_fin,compania_id) VALUES (307,'7600387081849',320,200,'A todo riesgo con franquicia','2020-08-07','2021-10-07',2);									
INSERT INTO seguro_vehiculo(id,numero_poliza,precio,franquicia,cobertura,fecha_inicio,fecha_fin,compania_id) VALUES (308,'3862161848402',220,115,'Seguros a terceros con franquicia','2021-04-01','2021-12-17',4);									
INSERT INTO seguro_vehiculo(id,numero_poliza,precio,franquicia,cobertura,fecha_inicio,fecha_fin,compania_id) VALUES (309,'1593988153239',135,0,'Seguros a terceros','2021-05-03','2021-11-01',6);									
INSERT INTO seguro_vehiculo(id,numero_poliza,precio,franquicia,cobertura,fecha_inicio,fecha_fin,compania_id) VALUES (310,'9023489285000',520,50,'A todo riesgo con franquicia','2021-03-06','2021-10-07',12);									
INSERT INTO seguro_vehiculo(id,numero_poliza,precio,franquicia,cobertura,fecha_inicio,fecha_fin,compania_id) VALUES (311,'8351962214941',90.35,100,'Seguros a terceros con franquicia','2020-08-07','2021-09-07',11);									
INSERT INTO seguro_vehiculo(id,numero_poliza,precio,franquicia,cobertura,fecha_inicio,fecha_fin,compania_id) VALUES (312,'3808683880283',110.67,0,'Terceros ampliado','2020-09-07','2021-08-07',14);									
INSERT INTO seguro_vehiculo(id,numero_poliza,precio,franquicia,cobertura,fecha_inicio,fecha_fin,compania_id) VALUES (313,'5776403847998',103.32,0,'Seguros a terceros','2020-06-07','2021-05-07',4);									
INSERT INTO seguro_vehiculo(id,numero_poliza,precio,franquicia,cobertura,fecha_inicio,fecha_fin,compania_id) VALUES (314,'4832428466693',388.7,0,'A todo riesgo','2020-05-07','2021-04-07',1);									
INSERT INTO seguro_vehiculo(id,numero_poliza,precio,franquicia,cobertura,fecha_inicio,fecha_fin,compania_id) VALUES (315,'3726396522319',175,180,'Terceros ampliado con franquicia','2020-10-07','2021-03-07',8);									
INSERT INTO seguro_vehiculo(id,numero_poliza,precio,franquicia,cobertura,fecha_inicio,fecha_fin,compania_id) VALUES (316,'5487967764635',325.7,0,'Seguros a terceros','2020-09-07','2021-11-07',10);									
INSERT INTO seguro_vehiculo(id,numero_poliza,precio,franquicia,cobertura,fecha_inicio,fecha_fin,compania_id) VALUES (317,'2413011223412',320,200,'A todo riesgo con franquicia','2020-08-07','2021-10-07',5);									
INSERT INTO seguro_vehiculo(id,numero_poliza,precio,franquicia,cobertura,fecha_inicio,fecha_fin,compania_id) VALUES (318,'1874086211601',220,115,'Seguros a terceros con franquicia','2021-04-01','2021-12-17',11);									
INSERT INTO seguro_vehiculo(id,numero_poliza,precio,franquicia,cobertura,fecha_inicio,fecha_fin,compania_id) VALUES (319,'3180320828887',135,0,'Seguros a terceros','2021-05-03','2021-11-01',12);									
INSERT INTO seguro_vehiculo(id,numero_poliza,precio,franquicia,cobertura,fecha_inicio,fecha_fin,compania_id) VALUES (320,'7476237172653',520,50,'A todo riesgo con franquicia','2021-03-06','2021-10-07',8);									
INSERT INTO seguro_vehiculo(id,numero_poliza,precio,franquicia,cobertura,fecha_inicio,fecha_fin,compania_id) VALUES (321,'9610019329930',90.35,100,'Seguros a terceros con franquicia','2020-08-07','2021-09-07',13);									
INSERT INTO seguro_vehiculo(id,numero_poliza,precio,franquicia,cobertura,fecha_inicio,fecha_fin,compania_id) VALUES (322,'9465613725709',110.67,0,'Terceros ampliado','2020-09-07','2021-08-07',1);									
INSERT INTO seguro_vehiculo(id,numero_poliza,precio,franquicia,cobertura,fecha_inicio,fecha_fin,compania_id) VALUES (323,'327103671251',103.32,0,'Seguros a terceros','2020-06-07','2021-05-07',3);									
INSERT INTO seguro_vehiculo(id,numero_poliza,precio,franquicia,cobertura,fecha_inicio,fecha_fin,compania_id) VALUES (324,'6637093640964',388.7,0,'A todo riesgo','2020-05-07','2021-04-07',9);									
INSERT INTO seguro_vehiculo(id,numero_poliza,precio,franquicia,cobertura,fecha_inicio,fecha_fin,compania_id) VALUES (325,'1563263488143',175,180,'Terceros ampliado con franquicia','2020-10-07','2021-03-07',9);									
INSERT INTO seguro_vehiculo(id,numero_poliza,precio,franquicia,cobertura,fecha_inicio,fecha_fin,compania_id) VALUES (326,'9147619166458',325.7,0,'Seguros a terceros','2020-09-07','2021-11-07',9);									
INSERT INTO seguro_vehiculo(id,numero_poliza,precio,franquicia,cobertura,fecha_inicio,fecha_fin,compania_id) VALUES (327,'6072805837174',320,200,'A todo riesgo con franquicia','2020-08-07','2021-10-07',2);									
INSERT INTO seguro_vehiculo(id,numero_poliza,precio,franquicia,cobertura,fecha_inicio,fecha_fin,compania_id) VALUES (328,'2365170335346',220,115,'Seguros a terceros con franquicia','2021-04-01','2021-12-17',7);									
INSERT INTO seguro_vehiculo(id,numero_poliza,precio,franquicia,cobertura,fecha_inicio,fecha_fin,compania_id) VALUES (329,'3239726309437',135,0,'Seguros a terceros','2021-05-03','2021-11-01',9);									
INSERT INTO seguro_vehiculo(id,numero_poliza,precio,franquicia,cobertura,fecha_inicio,fecha_fin,compania_id) VALUES (330,'6861981622318',520,50,'A todo riesgo con franquicia','2021-03-06','2021-10-07',15);									
INSERT INTO seguro_vehiculo(id,numero_poliza,precio,franquicia,cobertura,fecha_inicio,fecha_fin,compania_id) VALUES (331,'7187246007840',90.35,100,'Seguros a terceros con franquicia','2020-08-07','2021-09-07',14);									
INSERT INTO seguro_vehiculo(id,numero_poliza,precio,franquicia,cobertura,fecha_inicio,fecha_fin,compania_id) VALUES (332,'1410300678376',110.67,0,'Terceros ampliado','2020-09-07','2021-08-07',15);									
INSERT INTO seguro_vehiculo(id,numero_poliza,precio,franquicia,cobertura,fecha_inicio,fecha_fin,compania_id) VALUES (333,'4733005592503',103.32,0,'Seguros a terceros','2020-06-07','2021-05-07',11);									
INSERT INTO seguro_vehiculo(id,numero_poliza,precio,franquicia,cobertura,fecha_inicio,fecha_fin,compania_id) VALUES (334,'6333929799633',388.7,0,'A todo riesgo','2020-05-07','2021-04-07',10);									
INSERT INTO seguro_vehiculo(id,numero_poliza,precio,franquicia,cobertura,fecha_inicio,fecha_fin,compania_id) VALUES (335,'4635772747344',175,180,'Terceros ampliado con franquicia','2020-10-07','2021-03-07',8);									
INSERT INTO seguro_vehiculo(id,numero_poliza,precio,franquicia,cobertura,fecha_inicio,fecha_fin,compania_id) VALUES (336,'7617226047231',325.7,0,'Seguros a terceros','2020-09-07','2021-11-07',11);									
INSERT INTO seguro_vehiculo(id,numero_poliza,precio,franquicia,cobertura,fecha_inicio,fecha_fin,compania_id) VALUES (337,'8637357756979',320,200,'A todo riesgo con franquicia','2020-08-07','2021-10-07',11);									
INSERT INTO seguro_vehiculo(id,numero_poliza,precio,franquicia,cobertura,fecha_inicio,fecha_fin,compania_id) VALUES (338,'7820479519622',220,115,'Seguros a terceros con franquicia','2021-04-01','2021-12-17',6);									
INSERT INTO seguro_vehiculo(id,numero_poliza,precio,franquicia,cobertura,fecha_inicio,fecha_fin,compania_id) VALUES (339,'3017377225590',135,0,'Seguros a terceros','2021-05-03','2021-11-01',8);									
INSERT INTO seguro_vehiculo(id,numero_poliza,precio,franquicia,cobertura,fecha_inicio,fecha_fin,compania_id) VALUES (340,'7111425964272',520,50,'A todo riesgo con franquicia','2021-03-06','2021-10-07',5);									
INSERT INTO seguro_vehiculo(id,numero_poliza,precio,franquicia,cobertura,fecha_inicio,fecha_fin,compania_id) VALUES (341,'8269389021909',90.35,100,'Seguros a terceros con franquicia','2020-08-07','2021-09-07',11);									
INSERT INTO seguro_vehiculo(id,numero_poliza,precio,franquicia,cobertura,fecha_inicio,fecha_fin,compania_id) VALUES (342,'887746603797',110.67,0,'Terceros ampliado','2020-09-07','2021-08-07',14);									
INSERT INTO seguro_vehiculo(id,numero_poliza,precio,franquicia,cobertura,fecha_inicio,fecha_fin,compania_id) VALUES (343,'2044368938031',103.32,0,'Seguros a terceros','2020-06-07','2021-05-07',4);									
INSERT INTO seguro_vehiculo(id,numero_poliza,precio,franquicia,cobertura,fecha_inicio,fecha_fin,compania_id) VALUES (344,'536116436400',388.7,0,'A todo riesgo','2020-05-07','2021-04-07',15);									
INSERT INTO seguro_vehiculo(id,numero_poliza,precio,franquicia,cobertura,fecha_inicio,fecha_fin,compania_id) VALUES (345,'7307395489340',175,180,'Terceros ampliado con franquicia','2020-10-07','2021-03-07',13);									
INSERT INTO seguro_vehiculo(id,numero_poliza,precio,franquicia,cobertura,fecha_inicio,fecha_fin,compania_id) VALUES (346,'8929607861923',325.7,0,'Seguros a terceros','2020-09-07','2021-11-07',1);									
INSERT INTO seguro_vehiculo(id,numero_poliza,precio,franquicia,cobertura,fecha_inicio,fecha_fin,compania_id) VALUES (347,'4165562712256',320,200,'A todo riesgo con franquicia','2020-08-07','2021-10-07',4);									
INSERT INTO seguro_vehiculo(id,numero_poliza,precio,franquicia,cobertura,fecha_inicio,fecha_fin,compania_id) VALUES (348,'9790348092337',220,115,'Seguros a terceros con franquicia','2021-04-01','2021-12-17',10);									
INSERT INTO seguro_vehiculo(id,numero_poliza,precio,franquicia,cobertura,fecha_inicio,fecha_fin,compania_id) VALUES (349,'270556463243',135,0,'Seguros a terceros','2021-05-03','2021-11-01',4);									
INSERT INTO seguro_vehiculo(id,numero_poliza,precio,franquicia,cobertura,fecha_inicio,fecha_fin,compania_id) VALUES (350,'986763923151',520,50,'A todo riesgo con franquicia','2021-03-06','2021-10-07',7);									
INSERT INTO seguro_vehiculo(id,numero_poliza,precio,franquicia,cobertura,fecha_inicio,fecha_fin,compania_id) VALUES (351,'27223279884',90.35,100,'Seguros a terceros con franquicia','2020-08-07','2021-09-07',14);									
INSERT INTO seguro_vehiculo(id,numero_poliza,precio,franquicia,cobertura,fecha_inicio,fecha_fin,compania_id) VALUES (352,'8003465770238',110.67,0,'Terceros ampliado','2020-09-07','2021-08-07',8);									
INSERT INTO seguro_vehiculo(id,numero_poliza,precio,franquicia,cobertura,fecha_inicio,fecha_fin,compania_id) VALUES (353,'2537973026986',103.32,0,'Seguros a terceros','2020-06-07','2021-05-07',14);									
INSERT INTO seguro_vehiculo(id,numero_poliza,precio,franquicia,cobertura,fecha_inicio,fecha_fin,compania_id) VALUES (354,'1170499164410',388.7,0,'A todo riesgo','2020-05-07','2021-04-07',14);									
INSERT INTO seguro_vehiculo(id,numero_poliza,precio,franquicia,cobertura,fecha_inicio,fecha_fin,compania_id) VALUES (355,'9432545379115',175,180,'Terceros ampliado con franquicia','2020-10-07','2021-03-07',5);									
INSERT INTO seguro_vehiculo(id,numero_poliza,precio,franquicia,cobertura,fecha_inicio,fecha_fin,compania_id) VALUES (356,'7547543488339',325.7,0,'Seguros a terceros','2020-09-07','2021-11-07',9);									
INSERT INTO seguro_vehiculo(id,numero_poliza,precio,franquicia,cobertura,fecha_inicio,fecha_fin,compania_id) VALUES (357,'1879652695091',320,200,'A todo riesgo con franquicia','2020-08-07','2021-10-07',14);									
INSERT INTO seguro_vehiculo(id,numero_poliza,precio,franquicia,cobertura,fecha_inicio,fecha_fin,compania_id) VALUES (358,'7540465747921',220,115,'Seguros a terceros con franquicia','2021-04-01','2021-12-17',12);									
INSERT INTO seguro_vehiculo(id,numero_poliza,precio,franquicia,cobertura,fecha_inicio,fecha_fin,compania_id) VALUES (359,'5888662428647',135,0,'Seguros a terceros','2021-05-03','2021-11-01',3);									
INSERT INTO seguro_vehiculo(id,numero_poliza,precio,franquicia,cobertura,fecha_inicio,fecha_fin,compania_id) VALUES (360,'4985935687353',520,50,'A todo riesgo con franquicia','2021-03-06','2021-10-07',6);									
INSERT INTO seguro_vehiculo(id,numero_poliza,precio,franquicia,cobertura,fecha_inicio,fecha_fin,compania_id) VALUES (361,'1462264577421',90.35,100,'Seguros a terceros con franquicia','2020-08-07','2021-09-07',1);									
INSERT INTO seguro_vehiculo(id,numero_poliza,precio,franquicia,cobertura,fecha_inicio,fecha_fin,compania_id) VALUES (362,'390797559451',110.67,0,'Terceros ampliado','2020-09-07','2021-08-07',11);									
INSERT INTO seguro_vehiculo(id,numero_poliza,precio,franquicia,cobertura,fecha_inicio,fecha_fin,compania_id) VALUES (363,'7293888556163',103.32,0,'Seguros a terceros','2020-06-07','2021-05-07',4);									
INSERT INTO seguro_vehiculo(id,numero_poliza,precio,franquicia,cobertura,fecha_inicio,fecha_fin,compania_id) VALUES (364,'7780013604085',388.7,0,'A todo riesgo','2020-05-07','2021-04-07',8);									
INSERT INTO seguro_vehiculo(id,numero_poliza,precio,franquicia,cobertura,fecha_inicio,fecha_fin,compania_id) VALUES (365,'5534585606111',175,180,'Terceros ampliado con franquicia','2020-10-07','2021-03-07',8);									
INSERT INTO seguro_vehiculo(id,numero_poliza,precio,franquicia,cobertura,fecha_inicio,fecha_fin,compania_id) VALUES (366,'5354523411382',325.7,0,'Seguros a terceros','2020-09-07','2021-11-07',3);									
INSERT INTO seguro_vehiculo(id,numero_poliza,precio,franquicia,cobertura,fecha_inicio,fecha_fin,compania_id) VALUES (367,'2917985485737',320,200,'A todo riesgo con franquicia','2020-08-07','2021-10-07',4);									
INSERT INTO seguro_vehiculo(id,numero_poliza,precio,franquicia,cobertura,fecha_inicio,fecha_fin,compania_id) VALUES (368,'7265613816738',220,115,'Seguros a terceros con franquicia','2021-04-01','2021-12-17',5);									
INSERT INTO seguro_vehiculo(id,numero_poliza,precio,franquicia,cobertura,fecha_inicio,fecha_fin,compania_id) VALUES (369,'6171043022752',135,0,'Seguros a terceros','2021-05-03','2021-11-01',5);									
INSERT INTO seguro_vehiculo(id,numero_poliza,precio,franquicia,cobertura,fecha_inicio,fecha_fin,compania_id) VALUES (370,'3983579361436',520,50,'A todo riesgo con franquicia','2021-03-06','2021-10-07',6);									
INSERT INTO seguro_vehiculo(id,numero_poliza,precio,franquicia,cobertura,fecha_inicio,fecha_fin,compania_id) VALUES (371,'8045696600799',90.35,100,'Seguros a terceros con franquicia','2020-08-07','2021-09-07',12);									
INSERT INTO seguro_vehiculo(id,numero_poliza,precio,franquicia,cobertura,fecha_inicio,fecha_fin,compania_id) VALUES (372,'6164131253470',110.67,0,'Terceros ampliado','2020-09-07','2021-08-07',7);									
INSERT INTO seguro_vehiculo(id,numero_poliza,precio,franquicia,cobertura,fecha_inicio,fecha_fin,compania_id) VALUES (373,'255255950015',103.32,0,'Seguros a terceros','2020-06-07','2021-05-07',13);									
INSERT INTO seguro_vehiculo(id,numero_poliza,precio,franquicia,cobertura,fecha_inicio,fecha_fin,compania_id) VALUES (374,'6735835534304',388.7,0,'A todo riesgo','2020-05-07','2021-04-07',7);									
INSERT INTO seguro_vehiculo(id,numero_poliza,precio,franquicia,cobertura,fecha_inicio,fecha_fin,compania_id) VALUES (375,'4256794820638',175,180,'Terceros ampliado con franquicia','2020-10-07','2021-03-07',13);									
INSERT INTO seguro_vehiculo(id,numero_poliza,precio,franquicia,cobertura,fecha_inicio,fecha_fin,compania_id) VALUES (376,'1950113664836',325.7,0,'Seguros a terceros','2020-09-07','2021-11-07',15);									
INSERT INTO seguro_vehiculo(id,numero_poliza,precio,franquicia,cobertura,fecha_inicio,fecha_fin,compania_id) VALUES (377,'97710236035',320,200,'A todo riesgo con franquicia','2020-08-07','2021-10-07',14);									
INSERT INTO seguro_vehiculo(id,numero_poliza,precio,franquicia,cobertura,fecha_inicio,fecha_fin,compania_id) VALUES (378,'810142533454',220,115,'Seguros a terceros con franquicia','2021-04-01','2021-12-17',4);									
INSERT INTO seguro_vehiculo(id,numero_poliza,precio,franquicia,cobertura,fecha_inicio,fecha_fin,compania_id) VALUES (379,'8464206684348',135,0,'Seguros a terceros','2021-05-03','2021-11-01',2);									
INSERT INTO seguro_vehiculo(id,numero_poliza,precio,franquicia,cobertura,fecha_inicio,fecha_fin,compania_id) VALUES (380,'4753192298435',520,50,'A todo riesgo con franquicia','2021-03-06','2021-10-07',14);									
INSERT INTO seguro_vehiculo(id,numero_poliza,precio,franquicia,cobertura,fecha_inicio,fecha_fin,compania_id) VALUES (381,'8989262544909',90.35,100,'Seguros a terceros con franquicia','2020-08-07','2021-09-07',11);									
INSERT INTO seguro_vehiculo(id,numero_poliza,precio,franquicia,cobertura,fecha_inicio,fecha_fin,compania_id) VALUES (382,'7478087654131',110.67,0,'Terceros ampliado','2020-09-07','2021-08-07',14);									
INSERT INTO seguro_vehiculo(id,numero_poliza,precio,franquicia,cobertura,fecha_inicio,fecha_fin,compania_id) VALUES (383,'4276262235194',103.32,0,'Seguros a terceros','2020-06-07','2021-05-07',2);									
INSERT INTO seguro_vehiculo(id,numero_poliza,precio,franquicia,cobertura,fecha_inicio,fecha_fin,compania_id) VALUES (384,'8839187046694',388.7,0,'A todo riesgo','2020-05-07','2021-04-07',9);									
INSERT INTO seguro_vehiculo(id,numero_poliza,precio,franquicia,cobertura,fecha_inicio,fecha_fin,compania_id) VALUES (385,'8587457604061',175,180,'Terceros ampliado con franquicia','2020-10-07','2021-03-07',5);									
INSERT INTO seguro_vehiculo(id,numero_poliza,precio,franquicia,cobertura,fecha_inicio,fecha_fin,compania_id) VALUES (386,'5699046608751',325.7,0,'Seguros a terceros','2020-09-07','2021-11-07',3);									
INSERT INTO seguro_vehiculo(id,numero_poliza,precio,franquicia,cobertura,fecha_inicio,fecha_fin,compania_id) VALUES (387,'2865189719176',320,200,'A todo riesgo con franquicia','2020-08-07','2021-10-07',4);									
INSERT INTO seguro_vehiculo(id,numero_poliza,precio,franquicia,cobertura,fecha_inicio,fecha_fin,compania_id) VALUES (388,'9451607585991',220,115,'Seguros a terceros con franquicia','2021-04-01','2021-12-17',1);									
INSERT INTO seguro_vehiculo(id,numero_poliza,precio,franquicia,cobertura,fecha_inicio,fecha_fin,compania_id) VALUES (389,'7797098268175',135,0,'Seguros a terceros','2021-05-03','2021-11-01',13);									
INSERT INTO seguro_vehiculo(id,numero_poliza,precio,franquicia,cobertura,fecha_inicio,fecha_fin,compania_id) VALUES (390,'3844945666552',520,50,'A todo riesgo con franquicia','2021-03-06','2021-10-07',9);									
INSERT INTO seguro_vehiculo(id,numero_poliza,precio,franquicia,cobertura,fecha_inicio,fecha_fin,compania_id) VALUES (391,'919582085313',90.35,100,'Seguros a terceros con franquicia','2020-08-07','2021-09-07',14);									
INSERT INTO seguro_vehiculo(id,numero_poliza,precio,franquicia,cobertura,fecha_inicio,fecha_fin,compania_id) VALUES (392,'9554694048438',110.67,0,'Terceros ampliado','2020-09-07','2021-08-07',13);									
INSERT INTO seguro_vehiculo(id,numero_poliza,precio,franquicia,cobertura,fecha_inicio,fecha_fin,compania_id) VALUES (393,'7932052777105',103.32,0,'Seguros a terceros','2020-06-07','2021-05-07',13);									
INSERT INTO seguro_vehiculo(id,numero_poliza,precio,franquicia,cobertura,fecha_inicio,fecha_fin,compania_id) VALUES (394,'8645872854772',388.7,0,'A todo riesgo','2020-05-07','2021-04-07',1);									
INSERT INTO seguro_vehiculo(id,numero_poliza,precio,franquicia,cobertura,fecha_inicio,fecha_fin,compania_id) VALUES (395,'6194723412746',175,180,'Terceros ampliado con franquicia','2020-10-07','2021-03-07',4);									
INSERT INTO seguro_vehiculo(id,numero_poliza,precio,franquicia,cobertura,fecha_inicio,fecha_fin,compania_id) VALUES (396,'6199573165674',325.7,0,'Seguros a terceros','2020-09-07','2021-11-07',15);									
INSERT INTO seguro_vehiculo(id,numero_poliza,precio,franquicia,cobertura,fecha_inicio,fecha_fin,compania_id) VALUES (397,'8879918879933',320,200,'A todo riesgo con franquicia','2020-08-07','2021-10-07',12);									
INSERT INTO seguro_vehiculo(id,numero_poliza,precio,franquicia,cobertura,fecha_inicio,fecha_fin,compania_id) VALUES (398,'4080940982156',220,115,'Seguros a terceros con franquicia','2021-04-01','2021-12-17',3);									
INSERT INTO seguro_vehiculo(id,numero_poliza,precio,franquicia,cobertura,fecha_inicio,fecha_fin,compania_id) VALUES (399,'7988986658855',135,0,'Seguros a terceros','2021-05-03','2021-11-01',6);									
INSERT INTO seguro_vehiculo(id,numero_poliza,precio,franquicia,cobertura,fecha_inicio,fecha_fin,compania_id) VALUES (400,'3743262778934',520,50,'A todo riesgo con franquicia','2021-03-06','2021-10-07',13);									
INSERT INTO seguro_vehiculo(id,numero_poliza,precio,franquicia,cobertura,fecha_inicio,fecha_fin,compania_id) VALUES (401,'1843804138078',90.35,100,'Seguros a terceros con franquicia','2020-08-07','2021-09-07',15);									
INSERT INTO seguro_vehiculo(id,numero_poliza,precio,franquicia,cobertura,fecha_inicio,fecha_fin,compania_id) VALUES (402,'9802197285306',110.67,0,'Terceros ampliado','2020-09-07','2021-08-07',14);									
INSERT INTO seguro_vehiculo(id,numero_poliza,precio,franquicia,cobertura,fecha_inicio,fecha_fin,compania_id) VALUES (403,'4542451045269',103.32,0,'Seguros a terceros','2020-06-07','2021-05-07',7);									
INSERT INTO seguro_vehiculo(id,numero_poliza,precio,franquicia,cobertura,fecha_inicio,fecha_fin,compania_id) VALUES (404,'110286848498',388.7,0,'A todo riesgo','2020-05-07','2021-04-07',1);									
INSERT INTO seguro_vehiculo(id,numero_poliza,precio,franquicia,cobertura,fecha_inicio,fecha_fin,compania_id) VALUES (405,'5110795456312',175,180,'Terceros ampliado con franquicia','2020-10-07','2021-03-07',4);									
INSERT INTO seguro_vehiculo(id,numero_poliza,precio,franquicia,cobertura,fecha_inicio,fecha_fin,compania_id) VALUES (406,'7615978412898',325.7,0,'Seguros a terceros','2020-09-07','2021-11-07',14);									
INSERT INTO seguro_vehiculo(id,numero_poliza,precio,franquicia,cobertura,fecha_inicio,fecha_fin,compania_id) VALUES (407,'5675734364555',320,200,'A todo riesgo con franquicia','2020-08-07','2021-10-07',12);									
INSERT INTO seguro_vehiculo(id,numero_poliza,precio,franquicia,cobertura,fecha_inicio,fecha_fin,compania_id) VALUES (408,'7394644792765',220,115,'Seguros a terceros con franquicia','2021-04-01','2021-12-17',12);									
INSERT INTO seguro_vehiculo(id,numero_poliza,precio,franquicia,cobertura,fecha_inicio,fecha_fin,compania_id) VALUES (409,'2889656979162',135,0,'Seguros a terceros','2021-05-03','2021-11-01',14);									
INSERT INTO seguro_vehiculo(id,numero_poliza,precio,franquicia,cobertura,fecha_inicio,fecha_fin,compania_id) VALUES (410,'356061565583',520,50,'A todo riesgo con franquicia','2021-03-06','2021-10-07',4);									
INSERT INTO seguro_vehiculo(id,numero_poliza,precio,franquicia,cobertura,fecha_inicio,fecha_fin,compania_id) VALUES (411,'7696119417351',90.35,100,'Seguros a terceros con franquicia','2020-08-07','2021-09-07',15);									
INSERT INTO seguro_vehiculo(id,numero_poliza,precio,franquicia,cobertura,fecha_inicio,fecha_fin,compania_id) VALUES (412,'4509265859566',110.67,0,'Terceros ampliado','2020-09-07','2021-08-07',8);									
INSERT INTO seguro_vehiculo(id,numero_poliza,precio,franquicia,cobertura,fecha_inicio,fecha_fin,compania_id) VALUES (413,'9557681772789',103.32,0,'Seguros a terceros','2020-06-07','2021-05-07',2);									
INSERT INTO seguro_vehiculo(id,numero_poliza,precio,franquicia,cobertura,fecha_inicio,fecha_fin,compania_id) VALUES (414,'5297728206879',388.7,0,'A todo riesgo','2020-05-07','2021-04-07',10);									
INSERT INTO seguro_vehiculo(id,numero_poliza,precio,franquicia,cobertura,fecha_inicio,fecha_fin,compania_id) VALUES (415,'451673864825',175,180,'Terceros ampliado con franquicia','2020-10-07','2021-03-07',3);									
INSERT INTO seguro_vehiculo(id,numero_poliza,precio,franquicia,cobertura,fecha_inicio,fecha_fin,compania_id) VALUES (416,'4337504413892',325.7,0,'Seguros a terceros','2020-09-07','2021-11-07',5);									
INSERT INTO seguro_vehiculo(id,numero_poliza,precio,franquicia,cobertura,fecha_inicio,fecha_fin,compania_id) VALUES (417,'6578866765039',320,200,'A todo riesgo con franquicia','2020-08-07','2021-10-07',7);									
INSERT INTO seguro_vehiculo(id,numero_poliza,precio,franquicia,cobertura,fecha_inicio,fecha_fin,compania_id) VALUES (418,'4607536771464',220,115,'Seguros a terceros con franquicia','2021-04-01','2021-12-17',4);									
INSERT INTO seguro_vehiculo(id,numero_poliza,precio,franquicia,cobertura,fecha_inicio,fecha_fin,compania_id) VALUES (419,'5189340576038',135,0,'Seguros a terceros','2021-05-03','2021-11-01',11);									
INSERT INTO seguro_vehiculo(id,numero_poliza,precio,franquicia,cobertura,fecha_inicio,fecha_fin,compania_id) VALUES (420,'7057008901132',520,50,'A todo riesgo con franquicia','2021-03-06','2021-10-07',1);									
INSERT INTO seguro_vehiculo(id,numero_poliza,precio,franquicia,cobertura,fecha_inicio,fecha_fin,compania_id) VALUES (421,'8759051552700',90.35,100,'Seguros a terceros con franquicia','2020-08-07','2021-09-07',10);									
INSERT INTO seguro_vehiculo(id,numero_poliza,precio,franquicia,cobertura,fecha_inicio,fecha_fin,compania_id) VALUES (422,'4289164183366',110.67,0,'Terceros ampliado','2020-09-07','2021-08-07',4);									
INSERT INTO seguro_vehiculo(id,numero_poliza,precio,franquicia,cobertura,fecha_inicio,fecha_fin,compania_id) VALUES (423,'3136389772429',103.32,0,'Seguros a terceros','2020-06-07','2021-05-07',3);									
INSERT INTO seguro_vehiculo(id,numero_poliza,precio,franquicia,cobertura,fecha_inicio,fecha_fin,compania_id) VALUES (424,'3166325358543',388.7,0,'A todo riesgo','2020-05-07','2021-04-07',14);									
INSERT INTO seguro_vehiculo(id,numero_poliza,precio,franquicia,cobertura,fecha_inicio,fecha_fin,compania_id) VALUES (425,'8335579081618',175,180,'Terceros ampliado con franquicia','2020-10-07','2021-03-07',13);									
INSERT INTO seguro_vehiculo(id,numero_poliza,precio,franquicia,cobertura,fecha_inicio,fecha_fin,compania_id) VALUES (426,'4172854965456',325.7,0,'Seguros a terceros','2020-09-07','2021-11-07',5);									
INSERT INTO seguro_vehiculo(id,numero_poliza,precio,franquicia,cobertura,fecha_inicio,fecha_fin,compania_id) VALUES (427,'8745248837379',320,200,'A todo riesgo con franquicia','2020-08-07','2021-10-07',11);									
INSERT INTO seguro_vehiculo(id,numero_poliza,precio,franquicia,cobertura,fecha_inicio,fecha_fin,compania_id) VALUES (428,'3563418652820',220,115,'Seguros a terceros con franquicia','2021-04-01','2021-12-17',8);									
INSERT INTO seguro_vehiculo(id,numero_poliza,precio,franquicia,cobertura,fecha_inicio,fecha_fin,compania_id) VALUES (429,'5075130891655',135,0,'Seguros a terceros','2021-05-03','2021-11-01',12);									
INSERT INTO seguro_vehiculo(id,numero_poliza,precio,franquicia,cobertura,fecha_inicio,fecha_fin,compania_id) VALUES (430,'1660515525424',520,50,'A todo riesgo con franquicia','2021-03-06','2021-10-07',9);									
INSERT INTO seguro_vehiculo(id,numero_poliza,precio,franquicia,cobertura,fecha_inicio,fecha_fin,compania_id) VALUES (431,'6113043618895',90.35,100,'Seguros a terceros con franquicia','2020-08-07','2021-09-07',6);									
INSERT INTO seguro_vehiculo(id,numero_poliza,precio,franquicia,cobertura,fecha_inicio,fecha_fin,compania_id) VALUES (432,'6036787018171',110.67,0,'Terceros ampliado','2020-09-07','2021-08-07',13);									
INSERT INTO seguro_vehiculo(id,numero_poliza,precio,franquicia,cobertura,fecha_inicio,fecha_fin,compania_id) VALUES (433,'4777333263648',103.32,0,'Seguros a terceros','2020-06-07','2021-05-07',4);									
INSERT INTO seguro_vehiculo(id,numero_poliza,precio,franquicia,cobertura,fecha_inicio,fecha_fin,compania_id) VALUES (434,'3184275492331',388.7,0,'A todo riesgo','2020-05-07','2021-04-07',9);									
INSERT INTO seguro_vehiculo(id,numero_poliza,precio,franquicia,cobertura,fecha_inicio,fecha_fin,compania_id) VALUES (435,'2551210322544',175,180,'Terceros ampliado con franquicia','2020-10-07','2021-03-07',14);									
INSERT INTO seguro_vehiculo(id,numero_poliza,precio,franquicia,cobertura,fecha_inicio,fecha_fin,compania_id) VALUES (436,'2155617695354',325.7,0,'Seguros a terceros','2020-09-07','2021-11-07',15);									
INSERT INTO seguro_vehiculo(id,numero_poliza,precio,franquicia,cobertura,fecha_inicio,fecha_fin,compania_id) VALUES (437,'1408995718560',320,200,'A todo riesgo con franquicia','2020-08-07','2021-10-07',1);									
INSERT INTO seguro_vehiculo(id,numero_poliza,precio,franquicia,cobertura,fecha_inicio,fecha_fin,compania_id) VALUES (438,'4541285952625',220,115,'Seguros a terceros con franquicia','2021-04-01','2021-12-17',3);									
INSERT INTO seguro_vehiculo(id,numero_poliza,precio,franquicia,cobertura,fecha_inicio,fecha_fin,compania_id) VALUES (439,'3984133239628',135,0,'Seguros a terceros','2021-05-03','2021-11-01',4);									
INSERT INTO seguro_vehiculo(id,numero_poliza,precio,franquicia,cobertura,fecha_inicio,fecha_fin,compania_id) VALUES (440,'6610725726969',520,50,'A todo riesgo con franquicia','2021-03-06','2021-10-07',12);									
INSERT INTO seguro_vehiculo(id,numero_poliza,precio,franquicia,cobertura,fecha_inicio,fecha_fin,compania_id) VALUES (441,'251898533858',90.35,100,'Seguros a terceros con franquicia','2020-08-07','2021-09-07',5);									
INSERT INTO seguro_vehiculo(id,numero_poliza,precio,franquicia,cobertura,fecha_inicio,fecha_fin,compania_id) VALUES (442,'6832127977114',110.67,0,'Terceros ampliado','2020-09-07','2021-08-07',14);									
INSERT INTO seguro_vehiculo(id,numero_poliza,precio,franquicia,cobertura,fecha_inicio,fecha_fin,compania_id) VALUES (443,'8053585594330',103.32,0,'Seguros a terceros','2020-06-07','2021-05-07',13);									
INSERT INTO seguro_vehiculo(id,numero_poliza,precio,franquicia,cobertura,fecha_inicio,fecha_fin,compania_id) VALUES (444,'6325628929481',388.7,0,'A todo riesgo','2020-05-07','2021-04-07',15);									
INSERT INTO seguro_vehiculo(id,numero_poliza,precio,franquicia,cobertura,fecha_inicio,fecha_fin,compania_id) VALUES (445,'744281850766',175,180,'Terceros ampliado con franquicia','2020-10-07','2021-03-07',2);									
INSERT INTO seguro_vehiculo(id,numero_poliza,precio,franquicia,cobertura,fecha_inicio,fecha_fin,compania_id) VALUES (446,'2801826937501',325.7,0,'Seguros a terceros','2020-09-07','2021-11-07',13);									
INSERT INTO seguro_vehiculo(id,numero_poliza,precio,franquicia,cobertura,fecha_inicio,fecha_fin,compania_id) VALUES (447,'1302450595006',320,200,'A todo riesgo con franquicia','2020-08-07','2021-10-07',2);									
INSERT INTO seguro_vehiculo(id,numero_poliza,precio,franquicia,cobertura,fecha_inicio,fecha_fin,compania_id) VALUES (448,'2998758000713',220,115,'Seguros a terceros con franquicia','2021-04-01','2021-12-17',12);									
INSERT INTO seguro_vehiculo(id,numero_poliza,precio,franquicia,cobertura,fecha_inicio,fecha_fin,compania_id) VALUES (449,'2976317035412',135,0,'Seguros a terceros','2021-05-03','2021-11-01',9);									
INSERT INTO seguro_vehiculo(id,numero_poliza,precio,franquicia,cobertura,fecha_inicio,fecha_fin,compania_id) VALUES (450,'9300056884049',520,50,'A todo riesgo con franquicia','2021-03-06','2021-10-07',7);									
INSERT INTO seguro_vehiculo(id,numero_poliza,precio,franquicia,cobertura,fecha_inicio,fecha_fin,compania_id) VALUES (451,'6437908417317',90.35,100,'Seguros a terceros con franquicia','2020-08-07','2021-09-07',11);									
INSERT INTO seguro_vehiculo(id,numero_poliza,precio,franquicia,cobertura,fecha_inicio,fecha_fin,compania_id) VALUES (452,'5617943739065',110.67,0,'Terceros ampliado','2020-09-07','2021-08-07',11);									
INSERT INTO seguro_vehiculo(id,numero_poliza,precio,franquicia,cobertura,fecha_inicio,fecha_fin,compania_id) VALUES (453,'7805142438676',103.32,0,'Seguros a terceros','2020-06-07','2021-05-07',2);									
INSERT INTO seguro_vehiculo(id,numero_poliza,precio,franquicia,cobertura,fecha_inicio,fecha_fin,compania_id) VALUES (454,'329194102961',388.7,0,'A todo riesgo','2020-05-07','2021-04-07',6);									
INSERT INTO seguro_vehiculo(id,numero_poliza,precio,franquicia,cobertura,fecha_inicio,fecha_fin,compania_id) VALUES (455,'3962037136274',175,180,'Terceros ampliado con franquicia','2020-10-07','2021-03-07',15);									
INSERT INTO seguro_vehiculo(id,numero_poliza,precio,franquicia,cobertura,fecha_inicio,fecha_fin,compania_id) VALUES (456,'127608650464',325.7,0,'Seguros a terceros','2020-09-07','2021-11-07',13);									
INSERT INTO seguro_vehiculo(id,numero_poliza,precio,franquicia,cobertura,fecha_inicio,fecha_fin,compania_id) VALUES (457,'1596085635017',320,200,'A todo riesgo con franquicia','2020-08-07','2021-10-07',11);									
INSERT INTO seguro_vehiculo(id,numero_poliza,precio,franquicia,cobertura,fecha_inicio,fecha_fin,compania_id) VALUES (458,'3143294822972',220,115,'Seguros a terceros con franquicia','2021-04-01','2021-12-17',4);									
INSERT INTO seguro_vehiculo(id,numero_poliza,precio,franquicia,cobertura,fecha_inicio,fecha_fin,compania_id) VALUES (459,'5128804947131',135,0,'Seguros a terceros','2021-05-03','2021-11-01',4);									
INSERT INTO seguro_vehiculo(id,numero_poliza,precio,franquicia,cobertura,fecha_inicio,fecha_fin,compania_id) VALUES (460,'2057747369557',520,50,'A todo riesgo con franquicia','2021-03-06','2021-10-07',5);									
INSERT INTO seguro_vehiculo(id,numero_poliza,precio,franquicia,cobertura,fecha_inicio,fecha_fin,compania_id) VALUES (461,'8596018764549',90.35,100,'Seguros a terceros con franquicia','2020-08-07','2021-09-07',2);									
INSERT INTO seguro_vehiculo(id,numero_poliza,precio,franquicia,cobertura,fecha_inicio,fecha_fin,compania_id) VALUES (462,'8231627546599',110.67,0,'Terceros ampliado','2020-09-07','2021-08-07',2);									
INSERT INTO seguro_vehiculo(id,numero_poliza,precio,franquicia,cobertura,fecha_inicio,fecha_fin,compania_id) VALUES (463,'9323967800213',103.32,0,'Seguros a terceros','2020-06-07','2021-05-07',14);									
INSERT INTO seguro_vehiculo(id,numero_poliza,precio,franquicia,cobertura,fecha_inicio,fecha_fin,compania_id) VALUES (464,'1347471118214',388.7,0,'A todo riesgo','2020-05-07','2021-04-07',10);									
INSERT INTO seguro_vehiculo(id,numero_poliza,precio,franquicia,cobertura,fecha_inicio,fecha_fin,compania_id) VALUES (465,'7609208499576',175,180,'Terceros ampliado con franquicia','2020-10-07','2021-03-07',4);									
INSERT INTO seguro_vehiculo(id,numero_poliza,precio,franquicia,cobertura,fecha_inicio,fecha_fin,compania_id) VALUES (466,'2332183281473',325.7,0,'Seguros a terceros','2020-09-07','2021-11-07',1);									
INSERT INTO seguro_vehiculo(id,numero_poliza,precio,franquicia,cobertura,fecha_inicio,fecha_fin,compania_id) VALUES (467,'4107911487009',320,200,'A todo riesgo con franquicia','2020-08-07','2021-10-07',14);									
INSERT INTO seguro_vehiculo(id,numero_poliza,precio,franquicia,cobertura,fecha_inicio,fecha_fin,compania_id) VALUES (468,'1538603555410',220,115,'Seguros a terceros con franquicia','2021-04-01','2021-12-17',15);									
INSERT INTO seguro_vehiculo(id,numero_poliza,precio,franquicia,cobertura,fecha_inicio,fecha_fin,compania_id) VALUES (469,'318259906050',135,0,'Seguros a terceros','2021-05-03','2021-11-01',11);									
INSERT INTO seguro_vehiculo(id,numero_poliza,precio,franquicia,cobertura,fecha_inicio,fecha_fin,compania_id) VALUES (470,'8664852722958',520,50,'A todo riesgo con franquicia','2021-03-06','2021-10-07',6);									
INSERT INTO seguro_vehiculo(id,numero_poliza,precio,franquicia,cobertura,fecha_inicio,fecha_fin,compania_id) VALUES (471,'3212281844243',90.35,100,'Seguros a terceros con franquicia','2020-08-07','2021-09-07',1);									
INSERT INTO seguro_vehiculo(id,numero_poliza,precio,franquicia,cobertura,fecha_inicio,fecha_fin,compania_id) VALUES (472,'7934288889971',110.67,0,'Terceros ampliado','2020-09-07','2021-08-07',8);									
INSERT INTO seguro_vehiculo(id,numero_poliza,precio,franquicia,cobertura,fecha_inicio,fecha_fin,compania_id) VALUES (473,'4167835450982',103.32,0,'Seguros a terceros','2020-06-07','2021-05-07',1);									
INSERT INTO seguro_vehiculo(id,numero_poliza,precio,franquicia,cobertura,fecha_inicio,fecha_fin,compania_id) VALUES (474,'6335937820877',388.7,0,'A todo riesgo','2020-05-07','2021-04-07',2);									
INSERT INTO seguro_vehiculo(id,numero_poliza,precio,franquicia,cobertura,fecha_inicio,fecha_fin,compania_id) VALUES (475,'8736394581950',175,180,'Terceros ampliado con franquicia','2020-10-07','2021-03-07',5);									
INSERT INTO seguro_vehiculo(id,numero_poliza,precio,franquicia,cobertura,fecha_inicio,fecha_fin,compania_id) VALUES (476,'6081978740942',325.7,0,'Seguros a terceros','2020-09-07','2021-11-07',13);									
INSERT INTO seguro_vehiculo(id,numero_poliza,precio,franquicia,cobertura,fecha_inicio,fecha_fin,compania_id) VALUES (477,'137859509948',320,200,'A todo riesgo con franquicia','2020-08-07','2021-10-07',8);									
INSERT INTO seguro_vehiculo(id,numero_poliza,precio,franquicia,cobertura,fecha_inicio,fecha_fin,compania_id) VALUES (478,'3108508526465',220,115,'Seguros a terceros con franquicia','2021-04-01','2021-12-17',15);									
INSERT INTO seguro_vehiculo(id,numero_poliza,precio,franquicia,cobertura,fecha_inicio,fecha_fin,compania_id) VALUES (479,'9711201432977',135,0,'Seguros a terceros','2021-05-03','2021-11-01',6);									
INSERT INTO seguro_vehiculo(id,numero_poliza,precio,franquicia,cobertura,fecha_inicio,fecha_fin,compania_id) VALUES (480,'5037474356951',520,50,'A todo riesgo con franquicia','2021-03-06','2021-10-07',4);									
INSERT INTO seguro_vehiculo(id,numero_poliza,precio,franquicia,cobertura,fecha_inicio,fecha_fin,compania_id) VALUES (481,'503799926716',90.35,100,'Seguros a terceros con franquicia','2020-08-07','2021-09-07',11);									
INSERT INTO seguro_vehiculo(id,numero_poliza,precio,franquicia,cobertura,fecha_inicio,fecha_fin,compania_id) VALUES (482,'2334514393725',110.67,0,'Terceros ampliado','2020-09-07','2021-08-07',15);									
INSERT INTO seguro_vehiculo(id,numero_poliza,precio,franquicia,cobertura,fecha_inicio,fecha_fin,compania_id) VALUES (483,'4467619466417',103.32,0,'Seguros a terceros','2020-06-07','2021-05-07',11);									
INSERT INTO seguro_vehiculo(id,numero_poliza,precio,franquicia,cobertura,fecha_inicio,fecha_fin,compania_id) VALUES (484,'4486923692265',388.7,0,'A todo riesgo','2020-05-07','2021-04-07',2);									
INSERT INTO seguro_vehiculo(id,numero_poliza,precio,franquicia,cobertura,fecha_inicio,fecha_fin,compania_id) VALUES (485,'6400265159149',175,180,'Terceros ampliado con franquicia','2020-10-07','2021-03-07',6);									
INSERT INTO seguro_vehiculo(id,numero_poliza,precio,franquicia,cobertura,fecha_inicio,fecha_fin,compania_id) VALUES (486,'4222651553522',325.7,0,'Seguros a terceros','2020-09-07','2021-11-07',12);									
INSERT INTO seguro_vehiculo(id,numero_poliza,precio,franquicia,cobertura,fecha_inicio,fecha_fin,compania_id) VALUES (487,'2494068452623',320,200,'A todo riesgo con franquicia','2020-08-07','2021-10-07',13);									
INSERT INTO seguro_vehiculo(id,numero_poliza,precio,franquicia,cobertura,fecha_inicio,fecha_fin,compania_id) VALUES (488,'1414782834131',220,115,'Seguros a terceros con franquicia','2021-04-01','2021-12-17',5);									
INSERT INTO seguro_vehiculo(id,numero_poliza,precio,franquicia,cobertura,fecha_inicio,fecha_fin,compania_id) VALUES (489,'9703481272938',135,0,'Seguros a terceros','2021-05-03','2021-11-01',15);									
INSERT INTO seguro_vehiculo(id,numero_poliza,precio,franquicia,cobertura,fecha_inicio,fecha_fin,compania_id) VALUES (490,'6828308226855',520,50,'A todo riesgo con franquicia','2021-03-06','2021-10-07',11);									
INSERT INTO seguro_vehiculo(id,numero_poliza,precio,franquicia,cobertura,fecha_inicio,fecha_fin,compania_id) VALUES (491,'6046435208600',90.35,100,'Seguros a terceros con franquicia','2020-08-07','2021-09-07',7);									


INSERT INTO oferta(id,name,descuento,fecha_limite,hora_limite)VALUES (1, 'Oferta 1', 32.5, '2021-12-07', '00:00:00');
INSERT INTO oferta(id,name,descuento,fecha_limite,hora_limite)VALUES (2, 'Oferta 2', 61.0, '2021-06-30', '00:00:00');
INSERT INTO oferta(id,name,descuento,fecha_limite,hora_limite)VALUES (3, 'Oferta 3', 70.0, '2021-03-11', '00:00:00');
INSERT INTO oferta(id,name,descuento,fecha_limite,hora_limite)VALUES (4, 'Oferta 4', 55.0, '2021-03-04', '00:00:00');
INSERT INTO oferta(id,name,descuento,fecha_limite,hora_limite)VALUES (5, 'Oferta 5', 48.85, '2021-11-08', '00:00:00');

INSERT INTO  vehiculos(id,oferta_id,matricula,precio_alquiler,precio_venta,marca,modelo,puertas,plazas,cambio_id,maletero,km_actuales,caracteristicas,estado,disponible_id,combustible_id,concesionario_id,seguro_vehiculo_id) VALUES (1,3,'4238DHH',573,19317,'ABARTH','500C',5,5,2,285,23130,'Espacioso','Nuevo',4,1,3,1);																			
INSERT INTO  vehiculos(id,oferta_id,matricula,precio_alquiler,precio_venta,marca,modelo,puertas,plazas,cambio_id,maletero,km_actuales,caracteristicas,estado,disponible_id,combustible_id,concesionario_id,seguro_vehiculo_id) VALUES (2,5,'9239DLF',647,25686,'ABARTH','500',2,6,2,886,12152,'Silencioso','Muy desgastado',1,2,2,2);																			
INSERT INTO  vehiculos(id,oferta_id,matricula,precio_alquiler,precio_venta,marca,modelo,puertas,plazas,cambio_id,maletero,km_actuales,caracteristicas,estado,disponible_id,combustible_id,concesionario_id,seguro_vehiculo_id) VALUES (3,1,'9086BFL',835,64775,'ABARTH','124 Spider',2,3,2,452,76381,'Baja emisión de CO2','Daños superficiales',1,3,2,3);																			
INSERT INTO  vehiculos(id,oferta_id,matricula,precio_alquiler,precio_venta,marca,modelo,puertas,plazas,cambio_id,maletero,km_actuales,caracteristicas,estado,disponible_id,combustible_id,concesionario_id,seguro_vehiculo_id) VALUES (4,1,'7996MKJ',1213,49800,'ALFA ROMEO','Giulietta',4,6,2,990,76004,'Seguro y fiable','Leve desgaste',2,1,9,4);																			
INSERT INTO  vehiculos(id,oferta_id,matricula,precio_alquiler,precio_venta,marca,modelo,puertas,plazas,cambio_id,maletero,km_actuales,caracteristicas,estado,disponible_id,combustible_id,concesionario_id,seguro_vehiculo_id) VALUES (5,2,'1441BKK',1435,42666,'ALFA ROMEO','MiTo',4,2,1,842,35214,'Con piloto automático','Viejo',5,3,2,5);																			
INSERT INTO  vehiculos(id,oferta_id,matricula,precio_alquiler,precio_venta,marca,modelo,puertas,plazas,cambio_id,maletero,km_actuales,caracteristicas,estado,disponible_id,combustible_id,concesionario_id,seguro_vehiculo_id) VALUES (6,3,'3239FKM',1095,57146,'ALFA ROMEO','4C',2,5,1,842,18455,'Asientos de piel con calefacción','Un poco sucio',5,2,8,6);																			
INSERT INTO  vehiculos(id,oferta_id,matricula,precio_alquiler,precio_venta,marca,modelo,puertas,plazas,cambio_id,maletero,km_actuales,caracteristicas,estado,disponible_id,combustible_id,concesionario_id,seguro_vehiculo_id) VALUES (7,2,'1314NKF',795,25401,'ALFA ROMEO','Giulia',3,2,2,601,45940,'Con control por voz','Defectos menores',5,3,2,7);																			
INSERT INTO  vehiculos(id,oferta_id,matricula,precio_alquiler,precio_venta,marca,modelo,puertas,plazas,cambio_id,maletero,km_actuales,caracteristicas,estado,disponible_id,combustible_id,concesionario_id,seguro_vehiculo_id) VALUES (8,4,'4948LKG',1393,25775,'ALFA ROMEO','Stelvio',3,5,2,603,24890,'Veloz y bajo consumo','Casi sin uso',3,2,9,8);																			
INSERT INTO  vehiculos(id,oferta_id,matricula,precio_alquiler,precio_venta,marca,modelo,puertas,plazas,cambio_id,maletero,km_actuales,caracteristicas,estado,disponible_id,combustible_id,concesionario_id,seguro_vehiculo_id) VALUES (9,2,'6080CJN',875,59321,'ALFA ROMEO (FIAT)','4C',3,3,2,362,63106,'Bajo coste de mantenimiento','Nuevo',3,1,10,9);																			
INSERT INTO  vehiculos(id,oferta_id,matricula,precio_alquiler,precio_venta,marca,modelo,puertas,plazas,cambio_id,maletero,km_actuales,caracteristicas,estado,disponible_id,combustible_id,concesionario_id,seguro_vehiculo_id) VALUES (10,3,'3787LBJ',1058,26771,'ASTON MARTIN','DB9',2,2,1,808,32943,'Cómodo y amplio','Muy desgastado',5,1,6,10);																			
INSERT INTO  vehiculos(id,oferta_id,matricula,precio_alquiler,precio_venta,marca,modelo,puertas,plazas,cambio_id,maletero,km_actuales,caracteristicas,estado,disponible_id,combustible_id,concesionario_id,seguro_vehiculo_id) VALUES (11,4,'7940FGF',635,21223,'ASTON MARTIN','Vantage V8',2,3,1,544,47146,'Gran calidad de acabado','Daños superficiales',4,2,1,11);																			
INSERT INTO  vehiculos(id,oferta_id,matricula,precio_alquiler,precio_venta,marca,modelo,puertas,plazas,cambio_id,maletero,km_actuales,caracteristicas,estado,disponible_id,combustible_id,concesionario_id,seguro_vehiculo_id) VALUES (12,3,'2557MMB',1392,10262,'ASTON MARTIN','Vanquish',5,2,1,882,60314,'Bajo consumo y silencioso','Leve desgaste',2,1,7,12);																			
INSERT INTO  vehiculos(id,oferta_id,matricula,precio_alquiler,precio_venta,marca,modelo,puertas,plazas,cambio_id,maletero,km_actuales,caracteristicas,estado,disponible_id,combustible_id,concesionario_id,seguro_vehiculo_id) VALUES (13,2,'0644HKH',964,58778,'ASTON MARTIN','Vantage V12',4,2,1,722,76668,'Respetuoso con el medio ambiente','Viejo',5,1,3,13);																			
INSERT INTO  vehiculos(id,oferta_id,matricula,precio_alquiler,precio_venta,marca,modelo,puertas,plazas,cambio_id,maletero,km_actuales,caracteristicas,estado,disponible_id,combustible_id,concesionario_id,seguro_vehiculo_id) VALUES (14,4,'1828JGJ',711,13233,'ASTON MARTIN','Rapide',3,6,1,678,36330,'Cómodo y seguro','Un poco sucio',5,2,4,14);																			
INSERT INTO  vehiculos(id,oferta_id,matricula,precio_alquiler,precio_venta,marca,modelo,puertas,plazas,cambio_id,maletero,km_actuales,caracteristicas,estado,disponible_id,combustible_id,concesionario_id,seguro_vehiculo_id) VALUES (15,2,'2386JMD',1348,36397,'AUDI','A4',3,5,2,333,43780,'Veloz y silencioso','Defectos menores',6,2,1,15);																			
INSERT INTO  vehiculos(id,oferta_id,matricula,precio_alquiler,precio_venta,marca,modelo,puertas,plazas,cambio_id,maletero,km_actuales,caracteristicas,estado,disponible_id,combustible_id,concesionario_id,seguro_vehiculo_id) VALUES (16,4,'8705HGK',737,45616,'AUDI','A8',3,3,1,727,65325,'Con tracción 4x4','Casi sin uso',5,2,8,16);																			
INSERT INTO  vehiculos(id,oferta_id,matricula,precio_alquiler,precio_venta,marca,modelo,puertas,plazas,cambio_id,maletero,km_actuales,caracteristicas,estado,disponible_id,combustible_id,concesionario_id,seguro_vehiculo_id) VALUES (17,1,'6144NNH',477,11770,'AUDI','A3A3',5,2,2,271,57356,'Todoterreno','Nuevo',5,1,10,17);																			
INSERT INTO  vehiculos(id,oferta_id,matricula,precio_alquiler,precio_venta,marca,modelo,puertas,plazas,cambio_id,maletero,km_actuales,caracteristicas,estado,disponible_id,combustible_id,concesionario_id,seguro_vehiculo_id) VALUES (18,1,'5906FDL',712,41792,'AUDI','TT',5,3,2,655,69526,'Espacioso','Muy desgastado',2,1,10,18);																			
INSERT INTO  vehiculos(id,oferta_id,matricula,precio_alquiler,precio_venta,marca,modelo,puertas,plazas,cambio_id,maletero,km_actuales,caracteristicas,estado,disponible_id,combustible_id,concesionario_id,seguro_vehiculo_id) VALUES (19,3,'3016HFD',1191,18157,'AUDI','A5',5,5,2,206,60582,'Silencioso','Daños superficiales',6,3,5,19);																			
INSERT INTO  vehiculos(id,oferta_id,matricula,precio_alquiler,precio_venta,marca,modelo,puertas,plazas,cambio_id,maletero,km_actuales,caracteristicas,estado,disponible_id,combustible_id,concesionario_id,seguro_vehiculo_id) VALUES (20,2,'0073MFM',1422,36770,'AUDI','A4 Allroad Quattro',4,4,1,336,41095,'Baja emisión de CO2','Leve desgaste',5,1,9,20);																			
INSERT INTO  vehiculos(id,oferta_id,matricula,precio_alquiler,precio_venta,marca,modelo,puertas,plazas,cambio_id,maletero,km_actuales,caracteristicas,estado,disponible_id,combustible_id,concesionario_id,seguro_vehiculo_id) VALUES (21,4,'2994GHK',1205,58834,'AUDI','A6',4,4,2,726,6295,'Seguro y fiable','Viejo',2,2,8,21);																			
INSERT INTO  vehiculos(id,oferta_id,matricula,precio_alquiler,precio_venta,marca,modelo,puertas,plazas,cambio_id,maletero,km_actuales,caracteristicas,estado,disponible_id,combustible_id,concesionario_id,seguro_vehiculo_id) VALUES (22,2,'8836DLN',508,59054,'AUDI','A7',2,4,1,838,29059,'Con piloto automático','Un poco sucio',6,1,10,22);																			
INSERT INTO  vehiculos(id,oferta_id,matricula,precio_alquiler,precio_venta,marca,modelo,puertas,plazas,cambio_id,maletero,km_actuales,caracteristicas,estado,disponible_id,combustible_id,concesionario_id,seguro_vehiculo_id) VALUES (23,3,'6757HGL',723,31442,'AUDI','Q3',3,5,1,831,65140,'Asientos de piel con calefacción','Defectos menores',6,1,7,23);																			
INSERT INTO  vehiculos(id,oferta_id,matricula,precio_alquiler,precio_venta,marca,modelo,puertas,plazas,cambio_id,maletero,km_actuales,caracteristicas,estado,disponible_id,combustible_id,concesionario_id,seguro_vehiculo_id) VALUES (24,3,'0612MLM',858,63337,'AUDI','Q5',2,4,1,188,63311,'Con control por voz','Casi sin uso',5,2,5,24);																			
INSERT INTO  vehiculos(id,oferta_id,matricula,precio_alquiler,precio_venta,marca,modelo,puertas,plazas,cambio_id,maletero,km_actuales,caracteristicas,estado,disponible_id,combustible_id,concesionario_id,seguro_vehiculo_id) VALUES (25,4,'4616KFD',1202,18453,'AUDI','S5',2,3,1,251,58576,'Veloz y bajo consumo','Nuevo',5,2,10,25);																			
INSERT INTO  vehiculos(id,oferta_id,matricula,precio_alquiler,precio_venta,marca,modelo,puertas,plazas,cambio_id,maletero,km_actuales,caracteristicas,estado,disponible_id,combustible_id,concesionario_id,seguro_vehiculo_id) VALUES (26,2,'0531BJC',620,45833,'AUDI','A1',3,3,2,364,37052,'Bajo coste de mantenimiento','Muy desgastado',6,1,9,26);																			
INSERT INTO  vehiculos(id,oferta_id,matricula,precio_alquiler,precio_venta,marca,modelo,puertas,plazas,cambio_id,maletero,km_actuales,caracteristicas,estado,disponible_id,combustible_id,concesionario_id,seguro_vehiculo_id) VALUES (27,2,'8141KMB',1426,23592,'AUDI','A6 allroad quattro',4,6,2,270,51652,'Cómodo y amplio','Daños superficiales',4,3,3,27);																			
INSERT INTO  vehiculos(id,oferta_id,matricula,precio_alquiler,precio_venta,marca,modelo,puertas,plazas,cambio_id,maletero,km_actuales,caracteristicas,estado,disponible_id,combustible_id,concesionario_id,seguro_vehiculo_id) VALUES (28,5,'8821JHC',1234,58586,'AUDI','S7',4,2,2,612,22928,'Gran calidad de acabado','Leve desgaste',3,3,4,28);																			
INSERT INTO  vehiculos(id,oferta_id,matricula,precio_alquiler,precio_venta,marca,modelo,puertas,plazas,cambio_id,maletero,km_actuales,caracteristicas,estado,disponible_id,combustible_id,concesionario_id,seguro_vehiculo_id) VALUES (29,3,'9684FGD',1428,33910,'AUDI','S6',4,6,2,309,40689,'Bajo consumo y silencioso','Viejo',3,1,7,29);																			
INSERT INTO  vehiculos(id,oferta_id,matricula,precio_alquiler,precio_venta,marca,modelo,puertas,plazas,cambio_id,maletero,km_actuales,caracteristicas,estado,disponible_id,combustible_id,concesionario_id,seguro_vehiculo_id) VALUES (30,2,'3698GCL',757,21389,'AUDI','S8',2,3,1,674,41816,'Respetuoso con el medio ambiente','Un poco sucio',5,2,10,30);																			
INSERT INTO  vehiculos(id,oferta_id,matricula,precio_alquiler,precio_venta,marca,modelo,puertas,plazas,cambio_id,maletero,km_actuales,caracteristicas,estado,disponible_id,combustible_id,concesionario_id,seguro_vehiculo_id) VALUES (31,4,'6300HBJ',789,17797,'AUDI','RS4',2,5,1,452,22439,'Cómodo y seguro','Defectos menores',3,3,10,31);																			
INSERT INTO  vehiculos(id,oferta_id,matricula,precio_alquiler,precio_venta,marca,modelo,puertas,plazas,cambio_id,maletero,km_actuales,caracteristicas,estado,disponible_id,combustible_id,concesionario_id,seguro_vehiculo_id) VALUES (32,2,'1671BBN',722,17577,'AUDI','RS5',2,3,2,451,57435,'Veloz y silencioso','Casi sin uso',4,2,4,32);																			
INSERT INTO  vehiculos(id,oferta_id,matricula,precio_alquiler,precio_venta,marca,modelo,puertas,plazas,cambio_id,maletero,km_actuales,caracteristicas,estado,disponible_id,combustible_id,concesionario_id,seguro_vehiculo_id) VALUES (33,4,'1807NHM',782,38162,'AUDI','R8',2,4,1,691,57094,'Con tracción 4x4','Nuevo',6,1,4,33);																			
INSERT INTO  vehiculos(id,oferta_id,matricula,precio_alquiler,precio_venta,marca,modelo,puertas,plazas,cambio_id,maletero,km_actuales,caracteristicas,estado,disponible_id,combustible_id,concesionario_id,seguro_vehiculo_id) VALUES (34,1,'8371KMC',489,52671,'AUDI','SQ5',3,4,1,1030,40641,'Todoterreno','Muy desgastado',4,2,10,34);																			
INSERT INTO  vehiculos(id,oferta_id,matricula,precio_alquiler,precio_venta,marca,modelo,puertas,plazas,cambio_id,maletero,km_actuales,caracteristicas,estado,disponible_id,combustible_id,concesionario_id,seguro_vehiculo_id) VALUES (35,2,'7266NHD',655,47850,'AUDI','Q7',2,4,1,780,62083,'Espacioso','Daños superficiales',5,3,7,35);																			
INSERT INTO  vehiculos(id,oferta_id,matricula,precio_alquiler,precio_venta,marca,modelo,puertas,plazas,cambio_id,maletero,km_actuales,caracteristicas,estado,disponible_id,combustible_id,concesionario_id,seguro_vehiculo_id) VALUES (36,3,'3179DNG',506,11431,'AUDI','RS6',3,6,2,843,18501,'Silencioso','Leve desgaste',2,3,7,36);																			
INSERT INTO  vehiculos(id,oferta_id,matricula,precio_alquiler,precio_venta,marca,modelo,puertas,plazas,cambio_id,maletero,km_actuales,caracteristicas,estado,disponible_id,combustible_id,concesionario_id,seguro_vehiculo_id) VALUES (37,1,'7146LNJ',1091,7830,'AUDI','RS7',3,3,2,629,11493,'Baja emisión de CO2','Viejo',2,3,2,37);																			
INSERT INTO  vehiculos(id,oferta_id,matricula,precio_alquiler,precio_venta,marca,modelo,puertas,plazas,cambio_id,maletero,km_actuales,caracteristicas,estado,disponible_id,combustible_id,concesionario_id,seguro_vehiculo_id) VALUES (38,5,'9615HMD',1139,56162,'AUDI','RS Q3',3,6,2,325,68069,'Seguro y fiable','Un poco sucio',4,3,7,38);																			
INSERT INTO  vehiculos(id,oferta_id,matricula,precio_alquiler,precio_venta,marca,modelo,puertas,plazas,cambio_id,maletero,km_actuales,caracteristicas,estado,disponible_id,combustible_id,concesionario_id,seguro_vehiculo_id) VALUES (39,1,'1550LMB',1256,4832,'AUDI','S3',5,3,1,498,2680,'Con piloto automático','Defectos menores',6,3,7,39);																			
INSERT INTO  vehiculos(id,oferta_id,matricula,precio_alquiler,precio_venta,marca,modelo,puertas,plazas,cambio_id,maletero,km_actuales,caracteristicas,estado,disponible_id,combustible_id,concesionario_id,seguro_vehiculo_id) VALUES (40,2,'0545NLN',487,32828,'AUDI','S1',2,2,2,180,10224,'Asientos de piel con calefacción','Casi sin uso',5,2,2,40);																			
INSERT INTO  vehiculos(id,oferta_id,matricula,precio_alquiler,precio_venta,marca,modelo,puertas,plazas,cambio_id,maletero,km_actuales,caracteristicas,estado,disponible_id,combustible_id,concesionario_id,seguro_vehiculo_id) VALUES (41,1,'4292KDC',987,26173,'AUDI','TTS',2,6,2,740,30099,'Con control por voz','Nuevo',6,1,10,41);																			
INSERT INTO  vehiculos(id,oferta_id,matricula,precio_alquiler,precio_venta,marca,modelo,puertas,plazas,cambio_id,maletero,km_actuales,caracteristicas,estado,disponible_id,combustible_id,concesionario_id,seguro_vehiculo_id) VALUES (42,1,'4443NLM',887,39243,'AUDI','S4',4,6,2,545,767,'Veloz y bajo consumo','Muy desgastado',1,3,2,42);																			
INSERT INTO  vehiculos(id,oferta_id,matricula,precio_alquiler,precio_venta,marca,modelo,puertas,plazas,cambio_id,maletero,km_actuales,caracteristicas,estado,disponible_id,combustible_id,concesionario_id,seguro_vehiculo_id) VALUES (43,2,'5717JNC',620,40070,'AUDI','RS3',2,6,1,196,78922,'Bajo coste de mantenimiento','Daños superficiales',4,2,2,43);																			
INSERT INTO  vehiculos(id,oferta_id,matricula,precio_alquiler,precio_venta,marca,modelo,puertas,plazas,cambio_id,maletero,km_actuales,caracteristicas,estado,disponible_id,combustible_id,concesionario_id,seguro_vehiculo_id) VALUES (44,1,'6697FJK',924,36993,'AUDI','SQ7',4,3,2,697,20851,'Cómodo y amplio','Leve desgaste',1,1,5,44);																			
INSERT INTO  vehiculos(id,oferta_id,matricula,precio_alquiler,precio_venta,marca,modelo,puertas,plazas,cambio_id,maletero,km_actuales,caracteristicas,estado,disponible_id,combustible_id,concesionario_id,seguro_vehiculo_id) VALUES (45,1,'9664CMK',881,15885,'AUDI','Q2',2,2,1,703,66596,'Gran calidad de acabado','Viejo',5,1,3,45);																			
INSERT INTO  vehiculos(id,oferta_id,matricula,precio_alquiler,precio_venta,marca,modelo,puertas,plazas,cambio_id,maletero,km_actuales,caracteristicas,estado,disponible_id,combustible_id,concesionario_id,seguro_vehiculo_id) VALUES (46,4,'0614MLH',937,17888,'AUDI','TTS',5,2,2,432,70622,'Bajo consumo y silencioso','Un poco sucio',3,3,6,46);																			
INSERT INTO  vehiculos(id,oferta_id,matricula,precio_alquiler,precio_venta,marca,modelo,puertas,plazas,cambio_id,maletero,km_actuales,caracteristicas,estado,disponible_id,combustible_id,concesionario_id,seguro_vehiculo_id) VALUES (47,4,'6773JFC',1272,55840,'AUDI','SQ7',2,5,1,953,17214,'Respetuoso con el medio ambiente','Defectos menores',1,2,10,47);																			
INSERT INTO  vehiculos(id,oferta_id,matricula,precio_alquiler,precio_venta,marca,modelo,puertas,plazas,cambio_id,maletero,km_actuales,caracteristicas,estado,disponible_id,combustible_id,concesionario_id,seguro_vehiculo_id) VALUES (48,3,'4121KGK',1012,19844,'AUDI','S4',4,4,2,516,4871,'Cómodo y seguro','Casi sin uso',4,2,9,48);																			
INSERT INTO  vehiculos(id,oferta_id,matricula,precio_alquiler,precio_venta,marca,modelo,puertas,plazas,cambio_id,maletero,km_actuales,caracteristicas,estado,disponible_id,combustible_id,concesionario_id,seguro_vehiculo_id) VALUES (49,1,'7912GHL',1241,66185,'AUDI','S6',5,5,1,1016,45294,'Veloz y silencioso','Nuevo',5,2,10,49);																			
INSERT INTO  vehiculos(id,oferta_id,matricula,precio_alquiler,precio_venta,marca,modelo,puertas,plazas,cambio_id,maletero,km_actuales,caracteristicas,estado,disponible_id,combustible_id,concesionario_id,seguro_vehiculo_id) VALUES (50,2,'7803JKN',1408,27746,'AUDI','S7',3,2,2,640,76022,'Con tracción 4x4','Muy desgastado',5,1,5,50);																			
INSERT INTO  vehiculos(id,oferta_id,matricula,precio_alquiler,precio_venta,marca,modelo,puertas,plazas,cambio_id,maletero,km_actuales,caracteristicas,estado,disponible_id,combustible_id,concesionario_id,seguro_vehiculo_id) VALUES (51,5,'1817FGM',1329,10347,'BENTLEY','Continental GT',2,3,2,881,82970,'Todoterreno','Daños superficiales',2,1,8,51);																			
INSERT INTO  vehiculos(id,oferta_id,matricula,precio_alquiler,precio_venta,marca,modelo,puertas,plazas,cambio_id,maletero,km_actuales,caracteristicas,estado,disponible_id,combustible_id,concesionario_id,seguro_vehiculo_id) VALUES (52,2,'7340HLJ',1094,60264,'BENTLEY','Mulsanne',2,3,1,416,56046,'Espacioso','Leve desgaste',5,2,1,52);																			
INSERT INTO  vehiculos(id,oferta_id,matricula,precio_alquiler,precio_venta,marca,modelo,puertas,plazas,cambio_id,maletero,km_actuales,caracteristicas,estado,disponible_id,combustible_id,concesionario_id,seguro_vehiculo_id) VALUES (53,2,'3358HLJ',1123,18374,'BENTLEY','Flying Spur',2,6,2,940,68802,'Silencioso','Viejo',5,1,8,53);																			
INSERT INTO  vehiculos(id,oferta_id,matricula,precio_alquiler,precio_venta,marca,modelo,puertas,plazas,cambio_id,maletero,km_actuales,caracteristicas,estado,disponible_id,combustible_id,concesionario_id,seguro_vehiculo_id) VALUES (54,5,'6103FLG',1321,19731,'BENTLEY','Continental GTC',2,6,1,838,73657,'Baja emisión de CO2','Un poco sucio',2,2,10,54);																			
INSERT INTO  vehiculos(id,oferta_id,matricula,precio_alquiler,precio_venta,marca,modelo,puertas,plazas,cambio_id,maletero,km_actuales,caracteristicas,estado,disponible_id,combustible_id,concesionario_id,seguro_vehiculo_id) VALUES (55,1,'2047LJF',1170,25941,'BENTLEY','Bentayga',5,3,1,397,56059,'Seguro y fiable','Defectos menores',1,1,8,55);																			
INSERT INTO  vehiculos(id,oferta_id,matricula,precio_alquiler,precio_venta,marca,modelo,puertas,plazas,cambio_id,maletero,km_actuales,caracteristicas,estado,disponible_id,combustible_id,concesionario_id,seguro_vehiculo_id) VALUES (56,1,'3124NJL',591,37702,'BMW','Serie 3',2,6,2,351,49642,'Con piloto automático','Casi sin uso',3,3,9,56);																			
INSERT INTO  vehiculos(id,oferta_id,matricula,precio_alquiler,precio_venta,marca,modelo,puertas,plazas,cambio_id,maletero,km_actuales,caracteristicas,estado,disponible_id,combustible_id,concesionario_id,seguro_vehiculo_id) VALUES (57,3,'7584HKN',1090,11948,'BMW','Serie 5',3,2,1,527,31312,'Asientos de piel con calefacción','Nuevo',3,3,7,57);																			
INSERT INTO  vehiculos(id,oferta_id,matricula,precio_alquiler,precio_venta,marca,modelo,puertas,plazas,cambio_id,maletero,km_actuales,caracteristicas,estado,disponible_id,combustible_id,concesionario_id,seguro_vehiculo_id) VALUES (58,4,'0156CGB',1074,8585,'BMW','Serie 4',4,2,1,723,37241,'Con control por voz','Muy desgastado',2,1,2,58);																			
INSERT INTO  vehiculos(id,oferta_id,matricula,precio_alquiler,precio_venta,marca,modelo,puertas,plazas,cambio_id,maletero,km_actuales,caracteristicas,estado,disponible_id,combustible_id,concesionario_id,seguro_vehiculo_id) VALUES (59,2,'1120KKJ',583,51095,'BMW','Serie 7',5,5,1,744,55024,'Veloz y bajo consumo','Daños superficiales',6,1,7,59);																			
INSERT INTO  vehiculos(id,oferta_id,matricula,precio_alquiler,precio_venta,marca,modelo,puertas,plazas,cambio_id,maletero,km_actuales,caracteristicas,estado,disponible_id,combustible_id,concesionario_id,seguro_vehiculo_id) VALUES (60,2,'3288FJC',880,41776,'BMW','Z4',4,6,2,818,15387,'Bajo coste de mantenimiento','Leve desgaste',4,1,9,60);																			
INSERT INTO  vehiculos(id,oferta_id,matricula,precio_alquiler,precio_venta,marca,modelo,puertas,plazas,cambio_id,maletero,km_actuales,caracteristicas,estado,disponible_id,combustible_id,concesionario_id,seguro_vehiculo_id) VALUES (61,5,'7289MLK',1046,53332,'BMW','X5',4,2,2,324,63234,'Cómodo y amplio','Viejo',5,3,9,61);																			
INSERT INTO  vehiculos(id,oferta_id,matricula,precio_alquiler,precio_venta,marca,modelo,puertas,plazas,cambio_id,maletero,km_actuales,caracteristicas,estado,disponible_id,combustible_id,concesionario_id,seguro_vehiculo_id) VALUES (62,3,'2613LBL',721,24296,'BMW','Serie 1',5,2,2,870,8157,'Gran calidad de acabado','Un poco sucio',3,3,3,62);																			
INSERT INTO  vehiculos(id,oferta_id,matricula,precio_alquiler,precio_venta,marca,modelo,puertas,plazas,cambio_id,maletero,km_actuales,caracteristicas,estado,disponible_id,combustible_id,concesionario_id,seguro_vehiculo_id) VALUES (63,4,'6268MBB',1053,66709,'BMW','X3',3,3,2,594,30969,'Bajo consumo y silencioso','Defectos menores',2,2,5,63);																			
INSERT INTO  vehiculos(id,oferta_id,matricula,precio_alquiler,precio_venta,marca,modelo,puertas,plazas,cambio_id,maletero,km_actuales,caracteristicas,estado,disponible_id,combustible_id,concesionario_id,seguro_vehiculo_id) VALUES (64,1,'9508HHB',1328,33151,'BMW','Serie 6',4,5,1,892,23220,'Respetuoso con el medio ambiente','Casi sin uso',3,1,9,64);																			
INSERT INTO  vehiculos(id,oferta_id,matricula,precio_alquiler,precio_venta,marca,modelo,puertas,plazas,cambio_id,maletero,km_actuales,caracteristicas,estado,disponible_id,combustible_id,concesionario_id,seguro_vehiculo_id) VALUES (65,5,'1739DJC',872,40890,'BMW','X1',2,5,2,963,42747,'Cómodo y seguro','Nuevo',3,1,9,65);																			
INSERT INTO  vehiculos(id,oferta_id,matricula,precio_alquiler,precio_venta,marca,modelo,puertas,plazas,cambio_id,maletero,km_actuales,caracteristicas,estado,disponible_id,combustible_id,concesionario_id,seguro_vehiculo_id) VALUES (66,4,'5813HCF',486,59233,'BMW','X6',5,5,2,594,81721,'Veloz y silencioso','Muy desgastado',6,2,8,66);																			
INSERT INTO  vehiculos(id,oferta_id,matricula,precio_alquiler,precio_venta,marca,modelo,puertas,plazas,cambio_id,maletero,km_actuales,caracteristicas,estado,disponible_id,combustible_id,concesionario_id,seguro_vehiculo_id) VALUES (67,5,'0699GCK',1109,21808,'BMW','i3',4,6,1,754,6183,'Con tracción 4x4','Daños superficiales',6,1,2,67);																			
INSERT INTO  vehiculos(id,oferta_id,matricula,precio_alquiler,precio_venta,marca,modelo,puertas,plazas,cambio_id,maletero,km_actuales,caracteristicas,estado,disponible_id,combustible_id,concesionario_id,seguro_vehiculo_id) VALUES (68,1,'0944BMK',991,35463,'BMW','Serie 2',2,6,2,207,79743,'Todoterreno','Leve desgaste',2,3,7,68);																			
INSERT INTO  vehiculos(id,oferta_id,matricula,precio_alquiler,precio_venta,marca,modelo,puertas,plazas,cambio_id,maletero,km_actuales,caracteristicas,estado,disponible_id,combustible_id,concesionario_id,seguro_vehiculo_id) VALUES (69,3,'7771GLD',568,44318,'BMW','X4',4,5,2,233,6006,'Espacioso','Viejo',3,1,9,69);																			
INSERT INTO  vehiculos(id,oferta_id,matricula,precio_alquiler,precio_venta,marca,modelo,puertas,plazas,cambio_id,maletero,km_actuales,caracteristicas,estado,disponible_id,combustible_id,concesionario_id,seguro_vehiculo_id) VALUES (70,1,'8967MNH',1338,28401,'BMW','i8',4,4,2,541,53904,'Silencioso','Un poco sucio',3,1,3,70);																			
INSERT INTO  vehiculos(id,oferta_id,matricula,precio_alquiler,precio_venta,marca,modelo,puertas,plazas,cambio_id,maletero,km_actuales,caracteristicas,estado,disponible_id,combustible_id,concesionario_id,seguro_vehiculo_id) VALUES (71,1,'5384HMG',942,36960,'BMW','Serie 2 Gran Tourer',4,4,1,376,16595,'Baja emisión de CO2','Defectos menores',2,3,8,71);																			
INSERT INTO  vehiculos(id,oferta_id,matricula,precio_alquiler,precio_venta,marca,modelo,puertas,plazas,cambio_id,maletero,km_actuales,caracteristicas,estado,disponible_id,combustible_id,concesionario_id,seguro_vehiculo_id) VALUES (72,1,'0076JJM',820,13999,'BMW','Serie 2 Active Tourer',4,3,1,600,28506,'Seguro y fiable','Casi sin uso',1,3,9,72);																			
INSERT INTO  vehiculos(id,oferta_id,matricula,precio_alquiler,precio_venta,marca,modelo,puertas,plazas,cambio_id,maletero,km_actuales,caracteristicas,estado,disponible_id,combustible_id,concesionario_id,seguro_vehiculo_id) VALUES (73,1,'5442CFK',972,49818,'BMW','X2',2,3,2,880,43557,'Con piloto automático','Nuevo',3,2,2,73);																			
INSERT INTO  vehiculos(id,oferta_id,matricula,precio_alquiler,precio_venta,marca,modelo,puertas,plazas,cambio_id,maletero,km_actuales,caracteristicas,estado,disponible_id,combustible_id,concesionario_id,seguro_vehiculo_id) VALUES (74,4,'1713HNH',484,10612,'BYD','E6',3,4,1,917,61273,'Asientos de piel con calefacción','Muy desgastado',2,1,1,74);																			
INSERT INTO  vehiculos(id,oferta_id,matricula,precio_alquiler,precio_venta,marca,modelo,puertas,plazas,cambio_id,maletero,km_actuales,caracteristicas,estado,disponible_id,combustible_id,concesionario_id,seguro_vehiculo_id) VALUES (75,4,'9835JLM',572,33656,'CHEVROLET','Cruze',4,5,1,541,19664,'Con control por voz','Daños superficiales',2,1,7,75);																			
INSERT INTO  vehiculos(id,oferta_id,matricula,precio_alquiler,precio_venta,marca,modelo,puertas,plazas,cambio_id,maletero,km_actuales,caracteristicas,estado,disponible_id,combustible_id,concesionario_id,seguro_vehiculo_id) VALUES (76,2,'3953DLL',842,8571,'CHEVROLET','Aveo',4,6,2,400,20059,'Veloz y bajo consumo','Leve desgaste',5,3,1,76);																			
INSERT INTO  vehiculos(id,oferta_id,matricula,precio_alquiler,precio_venta,marca,modelo,puertas,plazas,cambio_id,maletero,km_actuales,caracteristicas,estado,disponible_id,combustible_id,concesionario_id,seguro_vehiculo_id) VALUES (77,1,'0256GGM',721,46597,'CHEVROLET','Trax',5,4,2,311,61982,'Bajo coste de mantenimiento','Viejo',2,3,5,77);																			
INSERT INTO  vehiculos(id,oferta_id,matricula,precio_alquiler,precio_venta,marca,modelo,puertas,plazas,cambio_id,maletero,km_actuales,caracteristicas,estado,disponible_id,combustible_id,concesionario_id,seguro_vehiculo_id) VALUES (78,1,'1906LJN',1028,29883,'CHEVROLET','Orlando',2,2,2,836,27954,'Cómodo y amplio','Un poco sucio',5,1,8,78);																			
INSERT INTO  vehiculos(id,oferta_id,matricula,precio_alquiler,precio_venta,marca,modelo,puertas,plazas,cambio_id,maletero,km_actuales,caracteristicas,estado,disponible_id,combustible_id,concesionario_id,seguro_vehiculo_id) VALUES (79,4,'4016FGB',1036,5482,'CHEVROLET','Spark',4,2,2,686,45449,'Gran calidad de acabado','Defectos menores',5,2,8,79);																			
INSERT INTO  vehiculos(id,oferta_id,matricula,precio_alquiler,precio_venta,marca,modelo,puertas,plazas,cambio_id,maletero,km_actuales,caracteristicas,estado,disponible_id,combustible_id,concesionario_id,seguro_vehiculo_id) VALUES (80,1,'7233DMG',1235,30021,'CHEVROLET','Camaro',5,4,2,378,38923,'Bajo consumo y silencioso','Casi sin uso',4,2,9,80);																			
INSERT INTO  vehiculos(id,oferta_id,matricula,precio_alquiler,precio_venta,marca,modelo,puertas,plazas,cambio_id,maletero,km_actuales,caracteristicas,estado,disponible_id,combustible_id,concesionario_id,seguro_vehiculo_id) VALUES (81,4,'4122DGJ',630,62023,'CITROEN','C4',3,3,1,828,13194,'Respetuoso con el medio ambiente','Nuevo',4,1,2,81);																			
INSERT INTO  vehiculos(id,oferta_id,matricula,precio_alquiler,precio_venta,marca,modelo,puertas,plazas,cambio_id,maletero,km_actuales,caracteristicas,estado,disponible_id,combustible_id,concesionario_id,seguro_vehiculo_id) VALUES (82,2,'0511BCN',1038,43261,'CITROEN','C3',5,5,2,581,72027,'Cómodo y seguro','Muy desgastado',3,1,7,82);																			
INSERT INTO  vehiculos(id,oferta_id,matricula,precio_alquiler,precio_venta,marca,modelo,puertas,plazas,cambio_id,maletero,km_actuales,caracteristicas,estado,disponible_id,combustible_id,concesionario_id,seguro_vehiculo_id) VALUES (83,4,'2893CHH',907,27976,'CITROEN','C5',5,5,2,233,51525,'Veloz y silencioso','Daños superficiales',2,1,2,83);																			
INSERT INTO  vehiculos(id,oferta_id,matricula,precio_alquiler,precio_venta,marca,modelo,puertas,plazas,cambio_id,maletero,km_actuales,caracteristicas,estado,disponible_id,combustible_id,concesionario_id,seguro_vehiculo_id) VALUES (84,4,'1874JCJ',1035,14125,'CITROEN','C3 Picasso',3,3,2,652,57822,'Con tracción 4x4','Leve desgaste',5,1,9,84);																			
INSERT INTO  vehiculos(id,oferta_id,matricula,precio_alquiler,precio_venta,marca,modelo,puertas,plazas,cambio_id,maletero,km_actuales,caracteristicas,estado,disponible_id,combustible_id,concesionario_id,seguro_vehiculo_id) VALUES (85,4,'9130GLD',950,56132,'CITROEN','C4 Picasso',2,6,2,1013,30156,'Todoterreno','Viejo',4,1,3,85);																			
INSERT INTO  vehiculos(id,oferta_id,matricula,precio_alquiler,precio_venta,marca,modelo,puertas,plazas,cambio_id,maletero,km_actuales,caracteristicas,estado,disponible_id,combustible_id,concesionario_id,seguro_vehiculo_id) VALUES (86,4,'3450FMB',1109,52979,'CITROEN','Grand C4 Picasso',3,4,1,818,68359,'Espacioso','Un poco sucio',6,1,9,86);																			
INSERT INTO  vehiculos(id,oferta_id,matricula,precio_alquiler,precio_venta,marca,modelo,puertas,plazas,cambio_id,maletero,km_actuales,caracteristicas,estado,disponible_id,combustible_id,concesionario_id,seguro_vehiculo_id) VALUES (87,2,'9318DHN',649,46507,'CITROEN','C4 Aircross',2,6,1,204,59901,'Silencioso','Defectos menores',1,3,8,87);																			
INSERT INTO  vehiculos(id,oferta_id,matricula,precio_alquiler,precio_venta,marca,modelo,puertas,plazas,cambio_id,maletero,km_actuales,caracteristicas,estado,disponible_id,combustible_id,concesionario_id,seguro_vehiculo_id) VALUES (88,1,'9454HJK',1165,30642,'CITROEN','Nemo',2,5,1,371,3224,'Baja emisión de CO2','Casi sin uso',4,3,3,88);																			
INSERT INTO  vehiculos(id,oferta_id,matricula,precio_alquiler,precio_venta,marca,modelo,puertas,plazas,cambio_id,maletero,km_actuales,caracteristicas,estado,disponible_id,combustible_id,concesionario_id,seguro_vehiculo_id) VALUES (89,4,'4224HMF',855,51828,'CITROEN','Berlingo',3,2,2,663,74246,'Seguro y fiable','Nuevo',6,3,5,89);																			
INSERT INTO  vehiculos(id,oferta_id,matricula,precio_alquiler,precio_venta,marca,modelo,puertas,plazas,cambio_id,maletero,km_actuales,caracteristicas,estado,disponible_id,combustible_id,concesionario_id,seguro_vehiculo_id) VALUES (90,3,'2660GDB',597,54217,'CITROEN','C-Elysée',3,5,2,776,70831,'Con piloto automático','Muy desgastado',4,2,4,90);																			
INSERT INTO  vehiculos(id,oferta_id,matricula,precio_alquiler,precio_venta,marca,modelo,puertas,plazas,cambio_id,maletero,km_actuales,caracteristicas,estado,disponible_id,combustible_id,concesionario_id,seguro_vehiculo_id) VALUES (91,2,'0010BHB',645,15860,'CITROEN','C4 Cactus',3,6,1,811,84321,'Asientos de piel con calefacción','Daños superficiales',4,1,3,91);																			
INSERT INTO  vehiculos(id,oferta_id,matricula,precio_alquiler,precio_venta,marca,modelo,puertas,plazas,cambio_id,maletero,km_actuales,caracteristicas,estado,disponible_id,combustible_id,concesionario_id,seguro_vehiculo_id) VALUES (92,5,'5773JHF',987,48924,'CITROEN','C1',5,5,2,340,76557,'Con control por voz','Leve desgaste',3,2,2,92);																			
INSERT INTO  vehiculos(id,oferta_id,matricula,precio_alquiler,precio_venta,marca,modelo,puertas,plazas,cambio_id,maletero,km_actuales,caracteristicas,estado,disponible_id,combustible_id,concesionario_id,seguro_vehiculo_id) VALUES (93,4,'2714DBM',966,20956,'CITROEN','C-Zero',4,3,1,404,2566,'Veloz y bajo consumo','Viejo',6,2,9,93);																			
INSERT INTO  vehiculos(id,oferta_id,matricula,precio_alquiler,precio_venta,marca,modelo,puertas,plazas,cambio_id,maletero,km_actuales,caracteristicas,estado,disponible_id,combustible_id,concesionario_id,seguro_vehiculo_id) VALUES (94,1,'6007JCG',1280,29864,'CITROEN','C-Elysée',3,4,1,545,32620,'Bajo coste de mantenimiento','Un poco sucio',3,3,5,94);																			
INSERT INTO  vehiculos(id,oferta_id,matricula,precio_alquiler,precio_venta,marca,modelo,puertas,plazas,cambio_id,maletero,km_actuales,caracteristicas,estado,disponible_id,combustible_id,concesionario_id,seguro_vehiculo_id) VALUES (95,5,'8552LBL',774,29315,'CITROEN','Spacetourer',4,3,2,487,67306,'Cómodo y amplio','Defectos menores',1,1,7,95);																			
INSERT INTO  vehiculos(id,oferta_id,matricula,precio_alquiler,precio_venta,marca,modelo,puertas,plazas,cambio_id,maletero,km_actuales,caracteristicas,estado,disponible_id,combustible_id,concesionario_id,seguro_vehiculo_id) VALUES (96,2,'0195GCG',774,29470,'CITROEN','E-Mehari',3,6,1,771,78745,'Gran calidad de acabado','Casi sin uso',2,2,2,96);																			
INSERT INTO  vehiculos(id,oferta_id,matricula,precio_alquiler,precio_venta,marca,modelo,puertas,plazas,cambio_id,maletero,km_actuales,caracteristicas,estado,disponible_id,combustible_id,concesionario_id,seguro_vehiculo_id) VALUES (97,3,'3226CKG',1409,34837,'CITROEN','C3 Aircross',2,5,1,321,125,'Bajo consumo y silencioso','Nuevo',4,3,6,97);																			
INSERT INTO  vehiculos(id,oferta_id,matricula,precio_alquiler,precio_venta,marca,modelo,puertas,plazas,cambio_id,maletero,km_actuales,caracteristicas,estado,disponible_id,combustible_id,concesionario_id,seguro_vehiculo_id) VALUES (98,5,'4337FKC',1385,62841,'DACIA','Logan',4,2,2,618,22175,'Respetuoso con el medio ambiente','Muy desgastado',1,1,10,98);																			
INSERT INTO  vehiculos(id,oferta_id,matricula,precio_alquiler,precio_venta,marca,modelo,puertas,plazas,cambio_id,maletero,km_actuales,caracteristicas,estado,disponible_id,combustible_id,concesionario_id,seguro_vehiculo_id) VALUES (99,2,'3363NLC',750,25348,'DACIA','Lodgy',4,2,1,597,5035,'Cómodo y seguro','Daños superficiales',1,2,5,99);																			
INSERT INTO  vehiculos(id,oferta_id,matricula,precio_alquiler,precio_venta,marca,modelo,puertas,plazas,cambio_id,maletero,km_actuales,caracteristicas,estado,disponible_id,combustible_id,concesionario_id,seguro_vehiculo_id) VALUES (100,5,'9520DGJ',499,19620,'DACIA','Sandero',4,4,2,1018,77225,'Veloz y silencioso','Leve desgaste',3,1,9,100);																			
INSERT INTO  vehiculos(id,oferta_id,matricula,precio_alquiler,precio_venta,marca,modelo,puertas,plazas,cambio_id,maletero,km_actuales,caracteristicas,estado,disponible_id,combustible_id,concesionario_id,seguro_vehiculo_id) VALUES (101,5,'0305CFM',626,49120,'DACIA','Duster',3,6,2,919,33614,'Con tracción 4x4','Viejo',4,2,7,101);																			
INSERT INTO  vehiculos(id,oferta_id,matricula,precio_alquiler,precio_venta,marca,modelo,puertas,plazas,cambio_id,maletero,km_actuales,caracteristicas,estado,disponible_id,combustible_id,concesionario_id,seguro_vehiculo_id) VALUES (102,3,'8734HLG',908,53950,'DACIA','Dokker',2,5,1,669,78285,'Todoterreno','Un poco sucio',2,2,3,102);																			
INSERT INTO  vehiculos(id,oferta_id,matricula,precio_alquiler,precio_venta,marca,modelo,puertas,plazas,cambio_id,maletero,km_actuales,caracteristicas,estado,disponible_id,combustible_id,concesionario_id,seguro_vehiculo_id) VALUES (103,4,'7252MBH',708,24814,'DFSK','Serie V',2,4,2,634,44815,'Espacioso','Defectos menores',6,3,7,103);																			
INSERT INTO  vehiculos(id,oferta_id,matricula,precio_alquiler,precio_venta,marca,modelo,puertas,plazas,cambio_id,maletero,km_actuales,caracteristicas,estado,disponible_id,combustible_id,concesionario_id,seguro_vehiculo_id) VALUES (104,4,'1666LGK',750,7469,'DFSK','Serie K',2,2,2,950,6643,'Silencioso','Casi sin uso',3,2,8,104);																			
INSERT INTO  vehiculos(id,oferta_id,matricula,precio_alquiler,precio_venta,marca,modelo,puertas,plazas,cambio_id,maletero,km_actuales,caracteristicas,estado,disponible_id,combustible_id,concesionario_id,seguro_vehiculo_id) VALUES (105,3,'6218BLH',860,27323,'DS','DS 4',3,5,1,496,45850,'Baja emisión de CO2','Nuevo',6,2,7,105);																			
INSERT INTO  vehiculos(id,oferta_id,matricula,precio_alquiler,precio_venta,marca,modelo,puertas,plazas,cambio_id,maletero,km_actuales,caracteristicas,estado,disponible_id,combustible_id,concesionario_id,seguro_vehiculo_id) VALUES (106,3,'3001BKL',1155,24796,'DS','DS 5',5,2,1,733,23873,'Seguro y fiable','Muy desgastado',6,3,8,106);																			
INSERT INTO  vehiculos(id,oferta_id,matricula,precio_alquiler,precio_venta,marca,modelo,puertas,plazas,cambio_id,maletero,km_actuales,caracteristicas,estado,disponible_id,combustible_id,concesionario_id,seguro_vehiculo_id) VALUES (107,1,'8982MJG',603,62750,'DS','DS 3',2,6,1,745,20331,'Con piloto automático','Daños superficiales',6,3,2,107);																			
INSERT INTO  vehiculos(id,oferta_id,matricula,precio_alquiler,precio_venta,marca,modelo,puertas,plazas,cambio_id,maletero,km_actuales,caracteristicas,estado,disponible_id,combustible_id,concesionario_id,seguro_vehiculo_id) VALUES (108,4,'3152NMN',1250,64651,'DS','DS 4 Crossback',2,6,1,550,76012,'Asientos de piel con calefacción','Leve desgaste',5,1,8,108);																			
INSERT INTO  vehiculos(id,oferta_id,matricula,precio_alquiler,precio_venta,marca,modelo,puertas,plazas,cambio_id,maletero,km_actuales,caracteristicas,estado,disponible_id,combustible_id,concesionario_id,seguro_vehiculo_id) VALUES (109,3,'6710BMD',706,6411,'DS','DS 7 Crossback',4,6,1,831,65119,'Con control por voz','Viejo',1,1,2,109);																			
INSERT INTO  vehiculos(id,oferta_id,matricula,precio_alquiler,precio_venta,marca,modelo,puertas,plazas,cambio_id,maletero,km_actuales,caracteristicas,estado,disponible_id,combustible_id,concesionario_id,seguro_vehiculo_id) VALUES (110,3,'5734CGB',1099,9351,'FERRARI','488',4,6,2,786,4872,'Veloz y bajo consumo','Un poco sucio',1,3,2,110);																			
INSERT INTO  vehiculos(id,oferta_id,matricula,precio_alquiler,precio_venta,marca,modelo,puertas,plazas,cambio_id,maletero,km_actuales,caracteristicas,estado,disponible_id,combustible_id,concesionario_id,seguro_vehiculo_id) VALUES (111,3,'8491LFG',641,40409,'FERRARI','GTC4',3,2,2,1019,80561,'Bajo coste de mantenimiento','Defectos menores',1,2,7,111);																			
INSERT INTO  vehiculos(id,oferta_id,matricula,precio_alquiler,precio_venta,marca,modelo,puertas,plazas,cambio_id,maletero,km_actuales,caracteristicas,estado,disponible_id,combustible_id,concesionario_id,seguro_vehiculo_id) VALUES (112,5,'4669GHG',898,52109,'FERRARI','California',5,6,1,828,72511,'Cómodo y amplio','Casi sin uso',1,3,5,112);																			
INSERT INTO  vehiculos(id,oferta_id,matricula,precio_alquiler,precio_venta,marca,modelo,puertas,plazas,cambio_id,maletero,km_actuales,caracteristicas,estado,disponible_id,combustible_id,concesionario_id,seguro_vehiculo_id) VALUES (113,2,'7647MHH',731,52608,'FERRARI','F12',5,5,2,518,43170,'Gran calidad de acabado','Nuevo',2,2,7,113);																			
INSERT INTO  vehiculos(id,oferta_id,matricula,precio_alquiler,precio_venta,marca,modelo,puertas,plazas,cambio_id,maletero,km_actuales,caracteristicas,estado,disponible_id,combustible_id,concesionario_id,seguro_vehiculo_id) VALUES (114,4,'0382KGM',1003,66302,'FERRARI','Portofino',4,3,1,651,28246,'Bajo consumo y silencioso','Muy desgastado',4,3,4,114);																			
INSERT INTO  vehiculos(id,oferta_id,matricula,precio_alquiler,precio_venta,marca,modelo,puertas,plazas,cambio_id,maletero,km_actuales,caracteristicas,estado,disponible_id,combustible_id,concesionario_id,seguro_vehiculo_id) VALUES (115,1,'4259FFM',638,14388,'FERRARI','812',2,3,1,850,59476,'Respetuoso con el medio ambiente','Daños superficiales',4,2,10,115);																			
INSERT INTO  vehiculos(id,oferta_id,matricula,precio_alquiler,precio_venta,marca,modelo,puertas,plazas,cambio_id,maletero,km_actuales,caracteristicas,estado,disponible_id,combustible_id,concesionario_id,seguro_vehiculo_id) VALUES (116,2,'8077MLG',1353,21919,'FERRARI (FCA)','458',4,4,2,1018,47422,'Cómodo y seguro','Leve desgaste',4,2,4,116);																			
INSERT INTO  vehiculos(id,oferta_id,matricula,precio_alquiler,precio_venta,marca,modelo,puertas,plazas,cambio_id,maletero,km_actuales,caracteristicas,estado,disponible_id,combustible_id,concesionario_id,seguro_vehiculo_id) VALUES (117,1,'4164CFJ',577,38203,'FERRARI (FCA)','FFFF',5,4,2,284,14907,'Veloz y silencioso','Viejo',4,1,3,117);																			
INSERT INTO  vehiculos(id,oferta_id,matricula,precio_alquiler,precio_venta,marca,modelo,puertas,plazas,cambio_id,maletero,km_actuales,caracteristicas,estado,disponible_id,combustible_id,concesionario_id,seguro_vehiculo_id) VALUES (118,3,'1317BGG',1011,18647,'FERRARI (FCA)','F12F12',5,3,2,270,25739,'Con tracción 4x4','Un poco sucio',3,3,4,118);																			
INSERT INTO  vehiculos(id,oferta_id,matricula,precio_alquiler,precio_venta,marca,modelo,puertas,plazas,cambio_id,maletero,km_actuales,caracteristicas,estado,disponible_id,combustible_id,concesionario_id,seguro_vehiculo_id) VALUES (119,2,'4485HLK',1250,16069,'FERRARI (FCA)','California',2,6,2,975,66764,'Todoterreno','Defectos menores',5,3,9,119);																			
INSERT INTO  vehiculos(id,oferta_id,matricula,precio_alquiler,precio_venta,marca,modelo,puertas,plazas,cambio_id,maletero,km_actuales,caracteristicas,estado,disponible_id,combustible_id,concesionario_id,seguro_vehiculo_id) VALUES (120,1,'7956CMH',1334,49813,'FERRARI (FCA)','488',2,4,2,451,184,'Espacioso','Casi sin uso',4,1,10,120);																			
INSERT INTO  vehiculos(id,oferta_id,matricula,precio_alquiler,precio_venta,marca,modelo,puertas,plazas,cambio_id,maletero,km_actuales,caracteristicas,estado,disponible_id,combustible_id,concesionario_id,seguro_vehiculo_id) VALUES (121,1,'6222MMF',921,30172,'FIAT','Freemont',5,2,1,217,22364,'Silencioso','Nuevo',2,2,1,121);																			
INSERT INTO  vehiculos(id,oferta_id,matricula,precio_alquiler,precio_venta,marca,modelo,puertas,plazas,cambio_id,maletero,km_actuales,caracteristicas,estado,disponible_id,combustible_id,concesionario_id,seguro_vehiculo_id) VALUES (122,5,'6688JKG',851,42004,'FIAT','Doblò',3,4,2,492,82415,'Baja emisión de CO2','Muy desgastado',4,1,3,122);																			
INSERT INTO  vehiculos(id,oferta_id,matricula,precio_alquiler,precio_venta,marca,modelo,puertas,plazas,cambio_id,maletero,km_actuales,caracteristicas,estado,disponible_id,combustible_id,concesionario_id,seguro_vehiculo_id) VALUES (123,1,'4756DNJ',603,48027,'FIAT','Punto',2,3,2,819,78524,'Seguro y fiable','Daños superficiales',2,2,2,123);																			
INSERT INTO  vehiculos(id,oferta_id,matricula,precio_alquiler,precio_venta,marca,modelo,puertas,plazas,cambio_id,maletero,km_actuales,caracteristicas,estado,disponible_id,combustible_id,concesionario_id,seguro_vehiculo_id) VALUES (124,1,'6853MCM',967,23734,'FIAT','Panda',4,3,1,600,51147,'Con piloto automático','Leve desgaste',6,1,9,124);																			
INSERT INTO  vehiculos(id,oferta_id,matricula,precio_alquiler,precio_venta,marca,modelo,puertas,plazas,cambio_id,maletero,km_actuales,caracteristicas,estado,disponible_id,combustible_id,concesionario_id,seguro_vehiculo_id) VALUES (125,1,'6174DLM',1361,38419,'FIAT','500',2,5,2,201,84289,'Asientos de piel con calefacción','Viejo',3,3,9,125);																			
INSERT INTO  vehiculos(id,oferta_id,matricula,precio_alquiler,precio_venta,marca,modelo,puertas,plazas,cambio_id,maletero,km_actuales,caracteristicas,estado,disponible_id,combustible_id,concesionario_id,seguro_vehiculo_id) VALUES (126,3,'2009BJM',782,38185,'FIAT','500L',4,4,1,303,57223,'Con control por voz','Un poco sucio',4,1,3,126);																			
INSERT INTO  vehiculos(id,oferta_id,matricula,precio_alquiler,precio_venta,marca,modelo,puertas,plazas,cambio_id,maletero,km_actuales,caracteristicas,estado,disponible_id,combustible_id,concesionario_id,seguro_vehiculo_id) VALUES (127,4,'2701HKC',716,61168,'FIAT','500L',5,6,2,815,54946,'Veloz y bajo consumo','Defectos menores',1,1,10,127);																			
INSERT INTO  vehiculos(id,oferta_id,matricula,precio_alquiler,precio_venta,marca,modelo,puertas,plazas,cambio_id,maletero,km_actuales,caracteristicas,estado,disponible_id,combustible_id,concesionario_id,seguro_vehiculo_id) VALUES (128,1,'2799FDN',1157,43213,'FIAT','500X',4,4,2,695,52811,'Bajo coste de mantenimiento','Casi sin uso',1,2,6,128);																			
INSERT INTO  vehiculos(id,oferta_id,matricula,precio_alquiler,precio_venta,marca,modelo,puertas,plazas,cambio_id,maletero,km_actuales,caracteristicas,estado,disponible_id,combustible_id,concesionario_id,seguro_vehiculo_id) VALUES (129,2,'9571JBM',874,8931,'FIAT','Qubo',5,3,1,559,74725,'Cómodo y amplio','Nuevo',5,2,4,129);																			
INSERT INTO  vehiculos(id,oferta_id,matricula,precio_alquiler,precio_venta,marca,modelo,puertas,plazas,cambio_id,maletero,km_actuales,caracteristicas,estado,disponible_id,combustible_id,concesionario_id,seguro_vehiculo_id) VALUES (130,1,'9277CFC',994,37035,'FIAT','Fiorino',5,6,2,158,25900,'Gran calidad de acabado','Muy desgastado',2,1,5,130);																			
INSERT INTO  vehiculos(id,oferta_id,matricula,precio_alquiler,precio_venta,marca,modelo,puertas,plazas,cambio_id,maletero,km_actuales,caracteristicas,estado,disponible_id,combustible_id,concesionario_id,seguro_vehiculo_id) VALUES (131,4,'7260HGG',829,27402,'FIAT','Bravo',2,6,1,874,13819,'Bajo consumo y silencioso','Daños superficiales',1,2,1,131);																			
INSERT INTO  vehiculos(id,oferta_id,matricula,precio_alquiler,precio_venta,marca,modelo,puertas,plazas,cambio_id,maletero,km_actuales,caracteristicas,estado,disponible_id,combustible_id,concesionario_id,seguro_vehiculo_id) VALUES (132,2,'2491HBM',642,23744,'FIAT','Doblò',5,5,1,217,38278,'Respetuoso con el medio ambiente','Leve desgaste',5,3,8,132);																			
INSERT INTO  vehiculos(id,oferta_id,matricula,precio_alquiler,precio_venta,marca,modelo,puertas,plazas,cambio_id,maletero,km_actuales,caracteristicas,estado,disponible_id,combustible_id,concesionario_id,seguro_vehiculo_id) VALUES (133,2,'0880DMG',980,58463,'FIAT','500C',3,2,1,324,807,'Cómodo y seguro','Viejo',4,1,9,133);																			
INSERT INTO  vehiculos(id,oferta_id,matricula,precio_alquiler,precio_venta,marca,modelo,puertas,plazas,cambio_id,maletero,km_actuales,caracteristicas,estado,disponible_id,combustible_id,concesionario_id,seguro_vehiculo_id) VALUES (134,4,'0261BLF',761,34009,'FIAT','Tipo',2,3,1,759,65846,'Veloz y silencioso','Un poco sucio',6,2,9,134);																			
INSERT INTO  vehiculos(id,oferta_id,matricula,precio_alquiler,precio_venta,marca,modelo,puertas,plazas,cambio_id,maletero,km_actuales,caracteristicas,estado,disponible_id,combustible_id,concesionario_id,seguro_vehiculo_id) VALUES (135,1,'6762DMM',1242,61810,'FIAT','124 Spider',2,3,1,834,77387,'Con tracción 4x4','Defectos menores',1,1,10,135);																			
INSERT INTO  vehiculos(id,oferta_id,matricula,precio_alquiler,precio_venta,marca,modelo,puertas,plazas,cambio_id,maletero,km_actuales,caracteristicas,estado,disponible_id,combustible_id,concesionario_id,seguro_vehiculo_id) VALUES (136,4,'2980GFF',585,46106,'FIAT','Bravo',2,2,2,970,30533,'Todoterreno','Casi sin uso',5,1,6,136);																			
INSERT INTO  vehiculos(id,oferta_id,matricula,precio_alquiler,precio_venta,marca,modelo,puertas,plazas,cambio_id,maletero,km_actuales,caracteristicas,estado,disponible_id,combustible_id,concesionario_id,seguro_vehiculo_id) VALUES (137,1,'9507LDK',1101,4908,'FIAT','Fiorino',5,4,1,780,28360,'Espacioso','Nuevo',2,1,8,137);																			
INSERT INTO  vehiculos(id,oferta_id,matricula,precio_alquiler,precio_venta,marca,modelo,puertas,plazas,cambio_id,maletero,km_actuales,caracteristicas,estado,disponible_id,combustible_id,concesionario_id,seguro_vehiculo_id) VALUES (138,2,'6131DFL',646,46669,'FORD','C-Max',3,5,1,631,84788,'Silencioso','Muy desgastado',4,1,10,138);																			
INSERT INTO  vehiculos(id,oferta_id,matricula,precio_alquiler,precio_venta,marca,modelo,puertas,plazas,cambio_id,maletero,km_actuales,caracteristicas,estado,disponible_id,combustible_id,concesionario_id,seguro_vehiculo_id) VALUES (139,5,'0061NDM',880,42456,'FORD','Fiesta',5,6,2,659,82029,'Baja emisión de CO2','Daños superficiales',5,3,6,139);																			
INSERT INTO  vehiculos(id,oferta_id,matricula,precio_alquiler,precio_venta,marca,modelo,puertas,plazas,cambio_id,maletero,km_actuales,caracteristicas,estado,disponible_id,combustible_id,concesionario_id,seguro_vehiculo_id) VALUES (140,5,'6642NGL',635,66301,'FORD','Focus',4,5,2,176,37130,'Seguro y fiable','Leve desgaste',5,3,1,140);																			
INSERT INTO  vehiculos(id,oferta_id,matricula,precio_alquiler,precio_venta,marca,modelo,puertas,plazas,cambio_id,maletero,km_actuales,caracteristicas,estado,disponible_id,combustible_id,concesionario_id,seguro_vehiculo_id) VALUES (141,5,'4978GHC',980,39374,'FORD','Mondeo',3,6,1,307,48168,'Con piloto automático','Viejo',4,2,8,141);																			
INSERT INTO  vehiculos(id,oferta_id,matricula,precio_alquiler,precio_venta,marca,modelo,puertas,plazas,cambio_id,maletero,km_actuales,caracteristicas,estado,disponible_id,combustible_id,concesionario_id,seguro_vehiculo_id) VALUES (142,2,'2546JMK',746,49855,'FORD','Ka',4,6,1,968,76282,'Asientos de piel con calefacción','Un poco sucio',5,2,8,142);																			
INSERT INTO  vehiculos(id,oferta_id,matricula,precio_alquiler,precio_venta,marca,modelo,puertas,plazas,cambio_id,maletero,km_actuales,caracteristicas,estado,disponible_id,combustible_id,concesionario_id,seguro_vehiculo_id) VALUES (143,5,'0945JDN',1075,57666,'FORD','S-MAX',2,5,1,255,67985,'Con control por voz','Defectos menores',1,1,8,143);																			
INSERT INTO  vehiculos(id,oferta_id,matricula,precio_alquiler,precio_venta,marca,modelo,puertas,plazas,cambio_id,maletero,km_actuales,caracteristicas,estado,disponible_id,combustible_id,concesionario_id,seguro_vehiculo_id) VALUES (144,1,'4714KGC',507,48905,'FORD','B-MAX',2,2,1,363,13242,'Veloz y bajo consumo','Casi sin uso',6,3,7,144);																			
INSERT INTO  vehiculos(id,oferta_id,matricula,precio_alquiler,precio_venta,marca,modelo,puertas,plazas,cambio_id,maletero,km_actuales,caracteristicas,estado,disponible_id,combustible_id,concesionario_id,seguro_vehiculo_id) VALUES (145,5,'9830KDC',666,54533,'FORD','Grand C-Max',4,5,2,652,50427,'Bajo coste de mantenimiento','Nuevo',6,3,5,145);																			
INSERT INTO  vehiculos(id,oferta_id,matricula,precio_alquiler,precio_venta,marca,modelo,puertas,plazas,cambio_id,maletero,km_actuales,caracteristicas,estado,disponible_id,combustible_id,concesionario_id,seguro_vehiculo_id) VALUES (146,2,'0793JCK',916,42001,'FORD','Tourneo Custom',4,5,1,355,28999,'Cómodo y amplio','Muy desgastado',1,1,3,146);																			
INSERT INTO  vehiculos(id,oferta_id,matricula,precio_alquiler,precio_venta,marca,modelo,puertas,plazas,cambio_id,maletero,km_actuales,caracteristicas,estado,disponible_id,combustible_id,concesionario_id,seguro_vehiculo_id) VALUES (147,4,'0924GNC',1063,11845,'FORD','Kuga',5,3,2,753,82136,'Gran calidad de acabado','Daños superficiales',5,2,6,147);																			
INSERT INTO  vehiculos(id,oferta_id,matricula,precio_alquiler,precio_venta,marca,modelo,puertas,plazas,cambio_id,maletero,km_actuales,caracteristicas,estado,disponible_id,combustible_id,concesionario_id,seguro_vehiculo_id) VALUES (148,1,'7343FLC',888,39431,'FORD','Galaxy',3,6,2,955,76789,'Bajo consumo y silencioso','Leve desgaste',3,1,6,148);																			
INSERT INTO  vehiculos(id,oferta_id,matricula,precio_alquiler,precio_venta,marca,modelo,puertas,plazas,cambio_id,maletero,km_actuales,caracteristicas,estado,disponible_id,combustible_id,concesionario_id,seguro_vehiculo_id) VALUES (149,3,'5172CGC',735,38505,'FORD','Grand Tourneo Connect',5,4,1,982,29472,'Respetuoso con el medio ambiente','Viejo',3,3,4,149);																			
INSERT INTO  vehiculos(id,oferta_id,matricula,precio_alquiler,precio_venta,marca,modelo,puertas,plazas,cambio_id,maletero,km_actuales,caracteristicas,estado,disponible_id,combustible_id,concesionario_id,seguro_vehiculo_id) VALUES (150,2,'6834KNF',1450,18791,'FORD','Tourneo Connect',3,6,2,232,56822,'Cómodo y seguro','Un poco sucio',4,3,9,150);																			
INSERT INTO  vehiculos(id,oferta_id,matricula,precio_alquiler,precio_venta,marca,modelo,puertas,plazas,cambio_id,maletero,km_actuales,caracteristicas,estado,disponible_id,combustible_id,concesionario_id,seguro_vehiculo_id) VALUES (151,3,'9621HBL',915,12999,'FORD','EcoSport',3,5,2,245,56262,'Veloz y silencioso','Defectos menores',4,3,9,151);																			
INSERT INTO  vehiculos(id,oferta_id,matricula,precio_alquiler,precio_venta,marca,modelo,puertas,plazas,cambio_id,maletero,km_actuales,caracteristicas,estado,disponible_id,combustible_id,concesionario_id,seguro_vehiculo_id) VALUES (152,5,'8310BLM',479,56696,'FORD','Tourneo Courier',4,2,1,648,53753,'Con tracción 4x4','Casi sin uso',4,1,9,152);																			
INSERT INTO  vehiculos(id,oferta_id,matricula,precio_alquiler,precio_venta,marca,modelo,puertas,plazas,cambio_id,maletero,km_actuales,caracteristicas,estado,disponible_id,combustible_id,concesionario_id,seguro_vehiculo_id) VALUES (153,1,'8610LMC',561,32173,'FORD','Mustang',3,2,2,941,17467,'Todoterreno','Nuevo',1,2,10,153);																			
INSERT INTO  vehiculos(id,oferta_id,matricula,precio_alquiler,precio_venta,marca,modelo,puertas,plazas,cambio_id,maletero,km_actuales,caracteristicas,estado,disponible_id,combustible_id,concesionario_id,seguro_vehiculo_id) VALUES (154,4,'4424KMB',1096,27086,'FORD','Transit Connect',4,2,2,371,36170,'Espacioso','Muy desgastado',5,3,4,154);																			
INSERT INTO  vehiculos(id,oferta_id,matricula,precio_alquiler,precio_venta,marca,modelo,puertas,plazas,cambio_id,maletero,km_actuales,caracteristicas,estado,disponible_id,combustible_id,concesionario_id,seguro_vehiculo_id) VALUES (155,1,'8474MJG',886,22762,'FORD','Edge',4,4,2,347,22234,'Silencioso','Daños superficiales',5,2,3,155);																			
INSERT INTO  vehiculos(id,oferta_id,matricula,precio_alquiler,precio_venta,marca,modelo,puertas,plazas,cambio_id,maletero,km_actuales,caracteristicas,estado,disponible_id,combustible_id,concesionario_id,seguro_vehiculo_id) VALUES (156,2,'7678NCN',928,15372,'FORD','Ka+',2,6,1,851,28395,'Baja emisión de CO2','Leve desgaste',6,3,4,156);																			
INSERT INTO  vehiculos(id,oferta_id,matricula,precio_alquiler,precio_venta,marca,modelo,puertas,plazas,cambio_id,maletero,km_actuales,caracteristicas,estado,disponible_id,combustible_id,concesionario_id,seguro_vehiculo_id) VALUES (157,2,'6698JJJ',855,14415,'HONDA','Accord',5,6,1,167,76413,'Seguro y fiable','Viejo',6,3,10,157);																			
INSERT INTO  vehiculos(id,oferta_id,matricula,precio_alquiler,precio_venta,marca,modelo,puertas,plazas,cambio_id,maletero,km_actuales,caracteristicas,estado,disponible_id,combustible_id,concesionario_id,seguro_vehiculo_id) VALUES (158,5,'0116KKG',1013,31429,'HONDA','Jazz',3,2,2,756,4315,'Con piloto automático','Un poco sucio',5,1,8,158);																			
INSERT INTO  vehiculos(id,oferta_id,matricula,precio_alquiler,precio_venta,marca,modelo,puertas,plazas,cambio_id,maletero,km_actuales,caracteristicas,estado,disponible_id,combustible_id,concesionario_id,seguro_vehiculo_id) VALUES (159,2,'9037FHJ',702,55540,'HONDA','Civic',2,3,2,778,47873,'Asientos de piel con calefacción','Defectos menores',4,2,7,159);																			
INSERT INTO  vehiculos(id,oferta_id,matricula,precio_alquiler,precio_venta,marca,modelo,puertas,plazas,cambio_id,maletero,km_actuales,caracteristicas,estado,disponible_id,combustible_id,concesionario_id,seguro_vehiculo_id) VALUES (160,3,'5716MDK',701,57338,'HONDA','CR-V',4,5,2,435,4719,'Con control por voz','Casi sin uso',2,1,1,160);																			
INSERT INTO  vehiculos(id,oferta_id,matricula,precio_alquiler,precio_venta,marca,modelo,puertas,plazas,cambio_id,maletero,km_actuales,caracteristicas,estado,disponible_id,combustible_id,concesionario_id,seguro_vehiculo_id) VALUES (161,3,'1906MBC',1197,16180,'HONDA','HR-V',4,6,1,317,54438,'Veloz y bajo consumo','Nuevo',4,1,9,161);																			
INSERT INTO  vehiculos(id,oferta_id,matricula,precio_alquiler,precio_venta,marca,modelo,puertas,plazas,cambio_id,maletero,km_actuales,caracteristicas,estado,disponible_id,combustible_id,concesionario_id,seguro_vehiculo_id) VALUES (162,2,'6381NHL',1315,24950,'HYUNDAI','i20',3,5,2,352,82414,'Bajo coste de mantenimiento','Muy desgastado',5,3,4,162);																			
INSERT INTO  vehiculos(id,oferta_id,matricula,precio_alquiler,precio_venta,marca,modelo,puertas,plazas,cambio_id,maletero,km_actuales,caracteristicas,estado,disponible_id,combustible_id,concesionario_id,seguro_vehiculo_id) VALUES (163,3,'9909FGK',1048,40837,'HYUNDAI','ix35',3,2,1,508,62700,'Cómodo y amplio','Daños superficiales',3,3,5,163);																			
INSERT INTO  vehiculos(id,oferta_id,matricula,precio_alquiler,precio_venta,marca,modelo,puertas,plazas,cambio_id,maletero,km_actuales,caracteristicas,estado,disponible_id,combustible_id,concesionario_id,seguro_vehiculo_id) VALUES (164,5,'5245FHH',1176,58932,'HYUNDAI','ix20',3,3,2,167,1606,'Gran calidad de acabado','Leve desgaste',5,1,6,164);																			
INSERT INTO  vehiculos(id,oferta_id,matricula,precio_alquiler,precio_venta,marca,modelo,puertas,plazas,cambio_id,maletero,km_actuales,caracteristicas,estado,disponible_id,combustible_id,concesionario_id,seguro_vehiculo_id) VALUES (165,2,'7297NMJ',1450,59249,'HYUNDAI','i10',2,3,2,645,22405,'Bajo consumo y silencioso','Viejo',5,3,4,165);																			
INSERT INTO  vehiculos(id,oferta_id,matricula,precio_alquiler,precio_venta,marca,modelo,puertas,plazas,cambio_id,maletero,km_actuales,caracteristicas,estado,disponible_id,combustible_id,concesionario_id,seguro_vehiculo_id) VALUES (166,4,'7940CGM',641,41322,'HYUNDAI','Santa Fe',3,6,2,859,54217,'Respetuoso con el medio ambiente','Un poco sucio',5,1,5,166);																			
INSERT INTO  vehiculos(id,oferta_id,matricula,precio_alquiler,precio_venta,marca,modelo,puertas,plazas,cambio_id,maletero,km_actuales,caracteristicas,estado,disponible_id,combustible_id,concesionario_id,seguro_vehiculo_id) VALUES (167,3,'7306GJD',1256,31966,'HYUNDAI','Veloster',4,6,1,650,68656,'Cómodo y seguro','Defectos menores',5,3,5,167);																			
INSERT INTO  vehiculos(id,oferta_id,matricula,precio_alquiler,precio_venta,marca,modelo,puertas,plazas,cambio_id,maletero,km_actuales,caracteristicas,estado,disponible_id,combustible_id,concesionario_id,seguro_vehiculo_id) VALUES (168,4,'8534FLK',707,25926,'HYUNDAI','i40',2,3,1,545,35561,'Veloz y silencioso','Casi sin uso',3,2,8,168);																			
INSERT INTO  vehiculos(id,oferta_id,matricula,precio_alquiler,precio_venta,marca,modelo,puertas,plazas,cambio_id,maletero,km_actuales,caracteristicas,estado,disponible_id,combustible_id,concesionario_id,seguro_vehiculo_id) VALUES (169,2,'1118DJL',1229,46709,'HYUNDAI','Elantra',3,4,1,296,56328,'Con tracción 4x4','Nuevo',4,1,4,169);																			
INSERT INTO  vehiculos(id,oferta_id,matricula,precio_alquiler,precio_venta,marca,modelo,puertas,plazas,cambio_id,maletero,km_actuales,caracteristicas,estado,disponible_id,combustible_id,concesionario_id,seguro_vehiculo_id) VALUES (170,1,'6734GNN',789,13305,'HYUNDAI','i30',4,6,2,848,77058,'Todoterreno','Muy desgastado',6,3,2,170);																			
INSERT INTO  vehiculos(id,oferta_id,matricula,precio_alquiler,precio_venta,marca,modelo,puertas,plazas,cambio_id,maletero,km_actuales,caracteristicas,estado,disponible_id,combustible_id,concesionario_id,seguro_vehiculo_id) VALUES (171,3,'1039CFM',1365,43638,'HYUNDAI','Grand Santa Fe',5,4,2,979,77748,'Espacioso','Daños superficiales',6,3,4,171);																			
INSERT INTO  vehiculos(id,oferta_id,matricula,precio_alquiler,precio_venta,marca,modelo,puertas,plazas,cambio_id,maletero,km_actuales,caracteristicas,estado,disponible_id,combustible_id,concesionario_id,seguro_vehiculo_id) VALUES (172,2,'1923LKD',1031,60288,'HYUNDAI','Genesis',3,2,1,726,74800,'Silencioso','Leve desgaste',4,2,2,172);																			
INSERT INTO  vehiculos(id,oferta_id,matricula,precio_alquiler,precio_venta,marca,modelo,puertas,plazas,cambio_id,maletero,km_actuales,caracteristicas,estado,disponible_id,combustible_id,concesionario_id,seguro_vehiculo_id) VALUES (173,1,'7335GBN',1116,19153,'HYUNDAI','H-1 Travel',5,4,2,696,19915,'Baja emisión de CO2','Viejo',5,3,5,173);																			
INSERT INTO  vehiculos(id,oferta_id,matricula,precio_alquiler,precio_venta,marca,modelo,puertas,plazas,cambio_id,maletero,km_actuales,caracteristicas,estado,disponible_id,combustible_id,concesionario_id,seguro_vehiculo_id) VALUES (174,5,'6265KCN',1374,16449,'HYUNDAI','Tucson',2,5,2,1002,48221,'Seguro y fiable','Un poco sucio',2,1,4,174);																			
INSERT INTO  vehiculos(id,oferta_id,matricula,precio_alquiler,precio_venta,marca,modelo,puertas,plazas,cambio_id,maletero,km_actuales,caracteristicas,estado,disponible_id,combustible_id,concesionario_id,seguro_vehiculo_id) VALUES (175,2,'9201HBK',883,12972,'HYUNDAI','i20 Active',4,4,2,376,47465,'Con piloto automático','Defectos menores',6,1,2,175);																			
INSERT INTO  vehiculos(id,oferta_id,matricula,precio_alquiler,precio_venta,marca,modelo,puertas,plazas,cambio_id,maletero,km_actuales,caracteristicas,estado,disponible_id,combustible_id,concesionario_id,seguro_vehiculo_id) VALUES (176,4,'5895MGF',540,9085,'HYUNDAI','IONIQ',5,5,2,795,54388,'Asientos de piel con calefacción','Casi sin uso',5,1,3,176);																			
INSERT INTO  vehiculos(id,oferta_id,matricula,precio_alquiler,precio_venta,marca,modelo,puertas,plazas,cambio_id,maletero,km_actuales,caracteristicas,estado,disponible_id,combustible_id,concesionario_id,seguro_vehiculo_id) VALUES (177,3,'4876DKB',1377,18038,'HYUNDAI','Kona',2,6,1,570,70321,'Con control por voz','Nuevo',5,3,7,177);																			
INSERT INTO  vehiculos(id,oferta_id,matricula,precio_alquiler,precio_venta,marca,modelo,puertas,plazas,cambio_id,maletero,km_actuales,caracteristicas,estado,disponible_id,combustible_id,concesionario_id,seguro_vehiculo_id) VALUES (178,4,'6450DND',1331,47169,'INFINITI','Q70',2,4,2,827,17810,'Veloz y bajo consumo','Muy desgastado',6,3,2,178);																			
INSERT INTO  vehiculos(id,oferta_id,matricula,precio_alquiler,precio_venta,marca,modelo,puertas,plazas,cambio_id,maletero,km_actuales,caracteristicas,estado,disponible_id,combustible_id,concesionario_id,seguro_vehiculo_id) VALUES (179,5,'9051MGL',805,59860,'INFINITI','Q50',4,4,1,786,79317,'Bajo coste de mantenimiento','Daños superficiales',1,2,2,179);																			
INSERT INTO  vehiculos(id,oferta_id,matricula,precio_alquiler,precio_venta,marca,modelo,puertas,plazas,cambio_id,maletero,km_actuales,caracteristicas,estado,disponible_id,combustible_id,concesionario_id,seguro_vehiculo_id) VALUES (180,5,'6754DHG',796,6458,'INFINITI','QX70',4,2,2,435,56538,'Cómodo y amplio','Leve desgaste',6,1,1,180);																			
INSERT INTO  vehiculos(id,oferta_id,matricula,precio_alquiler,precio_venta,marca,modelo,puertas,plazas,cambio_id,maletero,km_actuales,caracteristicas,estado,disponible_id,combustible_id,concesionario_id,seguro_vehiculo_id) VALUES (181,3,'5345HFH',836,50152,'INFINITI','QX50',4,3,1,993,48293,'Gran calidad de acabado','Viejo',5,2,10,181);																			
INSERT INTO  vehiculos(id,oferta_id,matricula,precio_alquiler,precio_venta,marca,modelo,puertas,plazas,cambio_id,maletero,km_actuales,caracteristicas,estado,disponible_id,combustible_id,concesionario_id,seguro_vehiculo_id) VALUES (182,3,'9118CLG',1272,24501,'INFINITI','Q60',2,4,1,733,324,'Bajo consumo y silencioso','Un poco sucio',2,3,5,182);																			
INSERT INTO  vehiculos(id,oferta_id,matricula,precio_alquiler,precio_venta,marca,modelo,puertas,plazas,cambio_id,maletero,km_actuales,caracteristicas,estado,disponible_id,combustible_id,concesionario_id,seguro_vehiculo_id) VALUES (183,3,'5425FLK',517,35679,'INFINITI','Q30',3,3,1,863,59184,'Respetuoso con el medio ambiente','Defectos menores',6,1,9,183);																			
INSERT INTO  vehiculos(id,oferta_id,matricula,precio_alquiler,precio_venta,marca,modelo,puertas,plazas,cambio_id,maletero,km_actuales,caracteristicas,estado,disponible_id,combustible_id,concesionario_id,seguro_vehiculo_id) VALUES (184,5,'5208MLF',1373,31255,'INFINITI','QX30',3,6,1,695,48884,'Cómodo y seguro','Casi sin uso',4,2,2,184);																			
INSERT INTO  vehiculos(id,oferta_id,matricula,precio_alquiler,precio_venta,marca,modelo,puertas,plazas,cambio_id,maletero,km_actuales,caracteristicas,estado,disponible_id,combustible_id,concesionario_id,seguro_vehiculo_id) VALUES (185,1,'0176DCK',1038,32389,'ISUZU','D-Max',2,5,1,953,4615,'Veloz y silencioso','Nuevo',4,2,5,185);																			
INSERT INTO  vehiculos(id,oferta_id,matricula,precio_alquiler,precio_venta,marca,modelo,puertas,plazas,cambio_id,maletero,km_actuales,caracteristicas,estado,disponible_id,combustible_id,concesionario_id,seguro_vehiculo_id) VALUES (186,3,'4432LDG',1216,22808,'JAGUAR','XF',3,6,2,573,6581,'Con tracción 4x4','Muy desgastado',6,3,7,186);																			
INSERT INTO  vehiculos(id,oferta_id,matricula,precio_alquiler,precio_venta,marca,modelo,puertas,plazas,cambio_id,maletero,km_actuales,caracteristicas,estado,disponible_id,combustible_id,concesionario_id,seguro_vehiculo_id) VALUES (187,3,'0578LNN',478,7488,'JAGUAR','Serie XK',4,6,2,392,9474,'Todoterreno','Daños superficiales',1,3,5,187);																			
INSERT INTO  vehiculos(id,oferta_id,matricula,precio_alquiler,precio_venta,marca,modelo,puertas,plazas,cambio_id,maletero,km_actuales,caracteristicas,estado,disponible_id,combustible_id,concesionario_id,seguro_vehiculo_id) VALUES (188,3,'5257LFJ',802,63239,'JAGUAR','F-Type',5,3,2,440,57025,'Espacioso','Leve desgaste',4,3,8,188);																			
INSERT INTO  vehiculos(id,oferta_id,matricula,precio_alquiler,precio_venta,marca,modelo,puertas,plazas,cambio_id,maletero,km_actuales,caracteristicas,estado,disponible_id,combustible_id,concesionario_id,seguro_vehiculo_id) VALUES (189,1,'4580GDL',936,7278,'JAGUAR','XJ',5,5,1,223,82342,'Silencioso','Viejo',4,3,7,189);																			
INSERT INTO  vehiculos(id,oferta_id,matricula,precio_alquiler,precio_venta,marca,modelo,puertas,plazas,cambio_id,maletero,km_actuales,caracteristicas,estado,disponible_id,combustible_id,concesionario_id,seguro_vehiculo_id) VALUES (190,4,'7104GJF',923,54325,'JAGUAR','XE',2,6,2,939,63978,'Baja emisión de CO2','Un poco sucio',2,2,1,190);																			
INSERT INTO  vehiculos(id,oferta_id,matricula,precio_alquiler,precio_venta,marca,modelo,puertas,plazas,cambio_id,maletero,km_actuales,caracteristicas,estado,disponible_id,combustible_id,concesionario_id,seguro_vehiculo_id) VALUES (191,1,'4604HMM',1203,21909,'JAGUAR','F-Pace',2,2,2,248,14381,'Seguro y fiable','Defectos menores',4,3,5,191);																			
INSERT INTO  vehiculos(id,oferta_id,matricula,precio_alquiler,precio_venta,marca,modelo,puertas,plazas,cambio_id,maletero,km_actuales,caracteristicas,estado,disponible_id,combustible_id,concesionario_id,seguro_vehiculo_id) VALUES (192,4,'8403JMD',945,35435,'JAGUAR','E-Pace',3,2,2,850,48239,'Con piloto automático','Casi sin uso',1,2,4,192);																			
INSERT INTO  vehiculos(id,oferta_id,matricula,precio_alquiler,precio_venta,marca,modelo,puertas,plazas,cambio_id,maletero,km_actuales,caracteristicas,estado,disponible_id,combustible_id,concesionario_id,seguro_vehiculo_id) VALUES (193,2,'2851NLH',525,34872,'JEEP','Grand Cherokee',2,5,1,664,80748,'Asientos de piel con calefacción','Nuevo',6,3,4,193);																			
INSERT INTO  vehiculos(id,oferta_id,matricula,precio_alquiler,precio_venta,marca,modelo,puertas,plazas,cambio_id,maletero,km_actuales,caracteristicas,estado,disponible_id,combustible_id,concesionario_id,seguro_vehiculo_id) VALUES (194,3,'5238MCH',1188,35670,'JEEP','Wrangler Unlimited',2,5,1,768,10215,'Con control por voz','Muy desgastado',5,2,5,194);																			
INSERT INTO  vehiculos(id,oferta_id,matricula,precio_alquiler,precio_venta,marca,modelo,puertas,plazas,cambio_id,maletero,km_actuales,caracteristicas,estado,disponible_id,combustible_id,concesionario_id,seguro_vehiculo_id) VALUES (195,1,'6550DFC',1283,20608,'JEEP','Cherokee',5,5,1,370,24439,'Veloz y bajo consumo','Daños superficiales',6,3,4,195);																			
INSERT INTO  vehiculos(id,oferta_id,matricula,precio_alquiler,precio_venta,marca,modelo,puertas,plazas,cambio_id,maletero,km_actuales,caracteristicas,estado,disponible_id,combustible_id,concesionario_id,seguro_vehiculo_id) VALUES (196,3,'8400MDC',659,21605,'JEEP','Wrangler',3,6,2,276,33694,'Bajo coste de mantenimiento','Leve desgaste',1,3,5,196);																			
INSERT INTO  vehiculos(id,oferta_id,matricula,precio_alquiler,precio_venta,marca,modelo,puertas,plazas,cambio_id,maletero,km_actuales,caracteristicas,estado,disponible_id,combustible_id,concesionario_id,seguro_vehiculo_id) VALUES (197,3,'8691FBJ',1405,14283,'JEEP','Renegade',5,3,2,615,62196,'Cómodo y amplio','Viejo',4,1,2,197);																			
INSERT INTO  vehiculos(id,oferta_id,matricula,precio_alquiler,precio_venta,marca,modelo,puertas,plazas,cambio_id,maletero,km_actuales,caracteristicas,estado,disponible_id,combustible_id,concesionario_id,seguro_vehiculo_id) VALUES (198,3,'2239CJC',1334,37680,'JEEP','Compass',4,4,2,975,67399,'Gran calidad de acabado','Un poco sucio',6,2,5,198);																			
INSERT INTO  vehiculos(id,oferta_id,matricula,precio_alquiler,precio_venta,marca,modelo,puertas,plazas,cambio_id,maletero,km_actuales,caracteristicas,estado,disponible_id,combustible_id,concesionario_id,seguro_vehiculo_id) VALUES (199,2,'0418CJF',1270,36462,'JEEP','Renegade',3,3,1,418,49267,'Bajo consumo y silencioso','Defectos menores',5,2,5,199);																			
INSERT INTO  vehiculos(id,oferta_id,matricula,precio_alquiler,precio_venta,marca,modelo,puertas,plazas,cambio_id,maletero,km_actuales,caracteristicas,estado,disponible_id,combustible_id,concesionario_id,seguro_vehiculo_id) VALUES (200,4,'2232NHF',1251,26751,'KIA','Picanto',4,5,2,365,52204,'Respetuoso con el medio ambiente','Casi sin uso',2,2,7,200);																			
INSERT INTO  vehiculos(id,oferta_id,matricula,precio_alquiler,precio_venta,marca,modelo,puertas,plazas,cambio_id,maletero,km_actuales,caracteristicas,estado,disponible_id,combustible_id,concesionario_id,seguro_vehiculo_id) VALUES (201,5,'5919MHB',582,41032,'KIA','Rio',3,6,1,479,28592,'Cómodo y seguro','Nuevo',6,1,6,201);																			
INSERT INTO  vehiculos(id,oferta_id,matricula,precio_alquiler,precio_venta,marca,modelo,puertas,plazas,cambio_id,maletero,km_actuales,caracteristicas,estado,disponible_id,combustible_id,concesionario_id,seguro_vehiculo_id) VALUES (202,2,'5195LFN',1199,25628,'KIA','Sportage',2,2,1,718,46688,'Veloz y silencioso','Muy desgastado',1,3,1,202);																			
INSERT INTO  vehiculos(id,oferta_id,matricula,precio_alquiler,precio_venta,marca,modelo,puertas,plazas,cambio_id,maletero,km_actuales,caracteristicas,estado,disponible_id,combustible_id,concesionario_id,seguro_vehiculo_id) VALUES (203,3,'1844FKH',507,22959,'KIA','Venga',5,2,1,968,60640,'Con tracción 4x4','Daños superficiales',5,3,9,203);																			
INSERT INTO  vehiculos(id,oferta_id,matricula,precio_alquiler,precio_venta,marca,modelo,puertas,plazas,cambio_id,maletero,km_actuales,caracteristicas,estado,disponible_id,combustible_id,concesionario_id,seguro_vehiculo_id) VALUES (204,4,'4099GDC',659,53055,'KIA','Optima',5,4,1,810,70150,'Todoterreno','Leve desgaste',2,3,7,204);																			
INSERT INTO  vehiculos(id,oferta_id,matricula,precio_alquiler,precio_venta,marca,modelo,puertas,plazas,cambio_id,maletero,km_actuales,caracteristicas,estado,disponible_id,combustible_id,concesionario_id,seguro_vehiculo_id) VALUES (205,5,'1739FJK',760,29946,'KIA','ceed',4,2,2,551,57774,'Espacioso','Viejo',1,2,8,205);																			
INSERT INTO  vehiculos(id,oferta_id,matricula,precio_alquiler,precio_venta,marca,modelo,puertas,plazas,cambio_id,maletero,km_actuales,caracteristicas,estado,disponible_id,combustible_id,concesionario_id,seguro_vehiculo_id) VALUES (206,4,'8682CJD',1238,65355,'KIA','Sportswagon',5,6,1,319,15154,'Silencioso','Un poco sucio',2,3,8,206);																			
INSERT INTO  vehiculos(id,oferta_id,matricula,precio_alquiler,precio_venta,marca,modelo,puertas,plazas,cambio_id,maletero,km_actuales,caracteristicas,estado,disponible_id,combustible_id,concesionario_id,seguro_vehiculo_id) VALUES (207,5,'0406JBH',1061,51085,'KIA','Carens',4,6,1,371,19175,'Baja emisión de CO2','Defectos menores',4,3,7,207);																			
INSERT INTO  vehiculos(id,oferta_id,matricula,precio_alquiler,precio_venta,marca,modelo,puertas,plazas,cambio_id,maletero,km_actuales,caracteristicas,estado,disponible_id,combustible_id,concesionario_id,seguro_vehiculo_id) VALUES (208,5,'7888HJK',895,35764,'KIA','Sorento',2,5,1,505,78119,'Seguro y fiable','Casi sin uso',2,2,9,208);																			
INSERT INTO  vehiculos(id,oferta_id,matricula,precio_alquiler,precio_venta,marca,modelo,puertas,plazas,cambio_id,maletero,km_actuales,caracteristicas,estado,disponible_id,combustible_id,concesionario_id,seguro_vehiculo_id) VALUES (209,1,'8609GNF',1307,6839,'KIA','Soul',4,2,1,350,11068,'Con piloto automático','Nuevo',5,3,5,209);																			
INSERT INTO  vehiculos(id,oferta_id,matricula,precio_alquiler,precio_venta,marca,modelo,puertas,plazas,cambio_id,maletero,km_actuales,caracteristicas,estado,disponible_id,combustible_id,concesionario_id,seguro_vehiculo_id) VALUES (210,2,'5559FFJ',917,7503,'KIA','Niro',5,4,1,456,28212,'Asientos de piel con calefacción','Muy desgastado',2,1,2,210);																			
INSERT INTO  vehiculos(id,oferta_id,matricula,precio_alquiler,precio_venta,marca,modelo,puertas,plazas,cambio_id,maletero,km_actuales,caracteristicas,estado,disponible_id,combustible_id,concesionario_id,seguro_vehiculo_id) VALUES (211,4,'5810JJD',731,43781,'KIA','Soul EV',5,3,1,186,9644,'Con control por voz','Daños superficiales',2,3,9,211);																			
INSERT INTO  vehiculos(id,oferta_id,matricula,precio_alquiler,precio_venta,marca,modelo,puertas,plazas,cambio_id,maletero,km_actuales,caracteristicas,estado,disponible_id,combustible_id,concesionario_id,seguro_vehiculo_id) VALUES (212,1,'2932MHB',1212,41489,'KIA','GT',5,5,2,363,26067,'Veloz y bajo consumo','Leve desgaste',2,3,4,212);																			
INSERT INTO  vehiculos(id,oferta_id,matricula,precio_alquiler,precio_venta,marca,modelo,puertas,plazas,cambio_id,maletero,km_actuales,caracteristicas,estado,disponible_id,combustible_id,concesionario_id,seguro_vehiculo_id) VALUES (213,3,'6229GND',897,8562,'KIA','Stonic',4,2,1,512,82913,'Bajo coste de mantenimiento','Viejo',4,3,2,213);																			
INSERT INTO  vehiculos(id,oferta_id,matricula,precio_alquiler,precio_venta,marca,modelo,puertas,plazas,cambio_id,maletero,km_actuales,caracteristicas,estado,disponible_id,combustible_id,concesionario_id,seguro_vehiculo_id) VALUES (214,5,'0114BNN',1401,22398,'KIA','Optima SW',5,5,2,411,40711,'Cómodo y amplio','Un poco sucio',1,3,2,214);																			
INSERT INTO  vehiculos(id,oferta_id,matricula,precio_alquiler,precio_venta,marca,modelo,puertas,plazas,cambio_id,maletero,km_actuales,caracteristicas,estado,disponible_id,combustible_id,concesionario_id,seguro_vehiculo_id) VALUES (215,4,'3423LCK',1243,25316,'KIA','Optima PHEV',2,4,2,774,75193,'Gran calidad de acabado','Defectos menores',3,2,10,215);																			
INSERT INTO  vehiculos(id,oferta_id,matricula,precio_alquiler,precio_venta,marca,modelo,puertas,plazas,cambio_id,maletero,km_actuales,caracteristicas,estado,disponible_id,combustible_id,concesionario_id,seguro_vehiculo_id) VALUES (216,4,'8487CCB',942,10602,'KIA','Optima Híbrido Enchufable',3,3,1,184,63035,'Bajo consumo y silencioso','Casi sin uso',4,2,3,216);																			
INSERT INTO  vehiculos(id,oferta_id,matricula,precio_alquiler,precio_venta,marca,modelo,puertas,plazas,cambio_id,maletero,km_actuales,caracteristicas,estado,disponible_id,combustible_id,concesionario_id,seguro_vehiculo_id) VALUES (217,2,'2531GKG',762,42177,'KIA','Optima SW GT',3,4,1,724,20909,'Respetuoso con el medio ambiente','Nuevo',3,2,1,217);																			
INSERT INTO  vehiculos(id,oferta_id,matricula,precio_alquiler,precio_venta,marca,modelo,puertas,plazas,cambio_id,maletero,km_actuales,caracteristicas,estado,disponible_id,combustible_id,concesionario_id,seguro_vehiculo_id) VALUES (218,3,'0168JDK',1008,6645,'KIA','Optima GT',5,2,1,847,46137,'Cómodo y seguro','Muy desgastado',2,1,7,218);																			
INSERT INTO  vehiculos(id,oferta_id,matricula,precio_alquiler,precio_venta,marca,modelo,puertas,plazas,cambio_id,maletero,km_actuales,caracteristicas,estado,disponible_id,combustible_id,concesionario_id,seguro_vehiculo_id) VALUES (219,5,'3026JLD',1252,31857,'KIA','Niro HHíbrido Enchufable',5,5,1,430,363,'Veloz y silencioso','Daños superficiales',1,3,9,219);																			
INSERT INTO  vehiculos(id,oferta_id,matricula,precio_alquiler,precio_venta,marca,modelo,puertas,plazas,cambio_id,maletero,km_actuales,caracteristicas,estado,disponible_id,combustible_id,concesionario_id,seguro_vehiculo_id) VALUES (220,1,'6111LHD',733,62162,'KIA','Optima SW Híbrido Enchufable',4,6,2,834,61428,'Con tracción 4x4','Leve desgaste',2,2,8,220);																			
INSERT INTO  vehiculos(id,oferta_id,matricula,precio_alquiler,precio_venta,marca,modelo,puertas,plazas,cambio_id,maletero,km_actuales,caracteristicas,estado,disponible_id,combustible_id,concesionario_id,seguro_vehiculo_id) VALUES (221,5,'9496FNK',1391,43446,'KIA','Stinger',4,5,1,833,64015,'Todoterreno','Viejo',3,2,6,221);																			
INSERT INTO  vehiculos(id,oferta_id,matricula,precio_alquiler,precio_venta,marca,modelo,puertas,plazas,cambio_id,maletero,km_actuales,caracteristicas,estado,disponible_id,combustible_id,concesionario_id,seguro_vehiculo_id) VALUES (222,1,'6090LHL',1259,28327,'LADA','4X4',5,5,2,780,60519,'Espacioso','Un poco sucio',4,1,9,222);																			
INSERT INTO  vehiculos(id,oferta_id,matricula,precio_alquiler,precio_venta,marca,modelo,puertas,plazas,cambio_id,maletero,km_actuales,caracteristicas,estado,disponible_id,combustible_id,concesionario_id,seguro_vehiculo_id) VALUES (223,3,'7091LCN',1202,46117,'LAMBORGHINI','Priora',5,5,2,182,7786,'Silencioso','Defectos menores',5,2,9,223);																			
INSERT INTO  vehiculos(id,oferta_id,matricula,precio_alquiler,precio_venta,marca,modelo,puertas,plazas,cambio_id,maletero,km_actuales,caracteristicas,estado,disponible_id,combustible_id,concesionario_id,seguro_vehiculo_id) VALUES (224,1,'7962KCD',1344,30990,'LAMBORGHINI','Aventador',3,6,2,349,50571,'Baja emisión de CO2','Casi sin uso',6,2,4,224);																			
INSERT INTO  vehiculos(id,oferta_id,matricula,precio_alquiler,precio_venta,marca,modelo,puertas,plazas,cambio_id,maletero,km_actuales,caracteristicas,estado,disponible_id,combustible_id,concesionario_id,seguro_vehiculo_id) VALUES (225,4,'9086DLD',998,43177,'LAMBORGHINI','Huracan',4,6,2,362,66257,'Seguro y fiable','Nuevo',3,1,8,225);																			
INSERT INTO  vehiculos(id,oferta_id,matricula,precio_alquiler,precio_venta,marca,modelo,puertas,plazas,cambio_id,maletero,km_actuales,caracteristicas,estado,disponible_id,combustible_id,concesionario_id,seguro_vehiculo_id) VALUES (226,1,'0028HCB',674,61464,'LANCIA','Ypsilon',4,2,1,611,50103,'Con piloto automático','Muy desgastado',3,1,4,226);																			
INSERT INTO  vehiculos(id,oferta_id,matricula,precio_alquiler,precio_venta,marca,modelo,puertas,plazas,cambio_id,maletero,km_actuales,caracteristicas,estado,disponible_id,combustible_id,concesionario_id,seguro_vehiculo_id) VALUES (227,5,'3134HNM',1440,13089,'LANCIA','Voyager',3,4,1,562,12699,'Asientos de piel con calefacción','Daños superficiales',2,3,1,227);																			
INSERT INTO  vehiculos(id,oferta_id,matricula,precio_alquiler,precio_venta,marca,modelo,puertas,plazas,cambio_id,maletero,km_actuales,caracteristicas,estado,disponible_id,combustible_id,concesionario_id,seguro_vehiculo_id) VALUES (228,1,'6728HBF',618,15288,'LANCIA','Delta',4,6,2,715,37512,'Con control por voz','Leve desgaste',2,3,3,228);																			
INSERT INTO  vehiculos(id,oferta_id,matricula,precio_alquiler,precio_venta,marca,modelo,puertas,plazas,cambio_id,maletero,km_actuales,caracteristicas,estado,disponible_id,combustible_id,concesionario_id,seguro_vehiculo_id) VALUES (229,1,'5330KFK',1184,36025,'LANCIA (FIAT)','Thema',4,5,1,260,30859,'Veloz y bajo consumo','Viejo',6,3,10,229);																			
INSERT INTO  vehiculos(id,oferta_id,matricula,precio_alquiler,precio_venta,marca,modelo,puertas,plazas,cambio_id,maletero,km_actuales,caracteristicas,estado,disponible_id,combustible_id,concesionario_id,seguro_vehiculo_id) VALUES (230,1,'3031KNB',1172,45509,'LANCIA (FIAT)','Delta',5,4,1,245,20289,'Bajo coste de mantenimiento','Un poco sucio',1,2,3,230);																			
INSERT INTO  vehiculos(id,oferta_id,matricula,precio_alquiler,precio_venta,marca,modelo,puertas,plazas,cambio_id,maletero,km_actuales,caracteristicas,estado,disponible_id,combustible_id,concesionario_id,seguro_vehiculo_id) VALUES (231,1,'4476HKM',677,53448,'LAND ROVER','Defender',5,3,2,242,5982,'Cómodo y amplio','Defectos menores',2,2,4,231);																			
INSERT INTO  vehiculos(id,oferta_id,matricula,precio_alquiler,precio_venta,marca,modelo,puertas,plazas,cambio_id,maletero,km_actuales,caracteristicas,estado,disponible_id,combustible_id,concesionario_id,seguro_vehiculo_id) VALUES (232,3,'5530LDN',1449,41864,'LAND ROVER','Discovery 4',5,4,1,298,75588,'Gran calidad de acabado','Casi sin uso',2,2,10,232);																			
INSERT INTO  vehiculos(id,oferta_id,matricula,precio_alquiler,precio_venta,marca,modelo,puertas,plazas,cambio_id,maletero,km_actuales,caracteristicas,estado,disponible_id,combustible_id,concesionario_id,seguro_vehiculo_id) VALUES (233,5,'1204DHM',1063,5508,'LAND ROVER','Range Rover',5,3,2,680,47131,'Bajo consumo y silencioso','Nuevo',6,1,3,233);																			
INSERT INTO  vehiculos(id,oferta_id,matricula,precio_alquiler,precio_venta,marca,modelo,puertas,plazas,cambio_id,maletero,km_actuales,caracteristicas,estado,disponible_id,combustible_id,concesionario_id,seguro_vehiculo_id) VALUES (234,3,'3897BHJ',1122,28860,'LAND ROVER','Range Rover Evoque',2,3,2,665,19568,'Respetuoso con el medio ambiente','Muy desgastado',1,2,6,234);																			
INSERT INTO  vehiculos(id,oferta_id,matricula,precio_alquiler,precio_venta,marca,modelo,puertas,plazas,cambio_id,maletero,km_actuales,caracteristicas,estado,disponible_id,combustible_id,concesionario_id,seguro_vehiculo_id) VALUES (235,5,'9485FBH',630,21922,'LAND ROVER','Freelander',5,4,1,803,40599,'Cómodo y seguro','Daños superficiales',3,2,5,235);																			
INSERT INTO  vehiculos(id,oferta_id,matricula,precio_alquiler,precio_venta,marca,modelo,puertas,plazas,cambio_id,maletero,km_actuales,caracteristicas,estado,disponible_id,combustible_id,concesionario_id,seguro_vehiculo_id) VALUES (236,2,'0904JCK',1364,45551,'LAND ROVER','Range Rover Sport',5,3,2,362,70456,'Veloz y silencioso','Leve desgaste',1,2,7,236);																			
INSERT INTO  vehiculos(id,oferta_id,matricula,precio_alquiler,precio_venta,marca,modelo,puertas,plazas,cambio_id,maletero,km_actuales,caracteristicas,estado,disponible_id,combustible_id,concesionario_id,seguro_vehiculo_id) VALUES (237,5,'2498GMK',941,51535,'LAND ROVER','Discovery Sport',3,6,2,495,79466,'Con tracción 4x4','Viejo',5,2,9,237);																			
INSERT INTO  vehiculos(id,oferta_id,matricula,precio_alquiler,precio_venta,marca,modelo,puertas,plazas,cambio_id,maletero,km_actuales,caracteristicas,estado,disponible_id,combustible_id,concesionario_id,seguro_vehiculo_id) VALUES (238,1,'7944NMJ',1192,9162,'LAND ROVER','Discovery',3,5,2,492,45399,'Todoterreno','Un poco sucio',2,1,6,238);																			
INSERT INTO  vehiculos(id,oferta_id,matricula,precio_alquiler,precio_venta,marca,modelo,puertas,plazas,cambio_id,maletero,km_actuales,caracteristicas,estado,disponible_id,combustible_id,concesionario_id,seguro_vehiculo_id) VALUES (239,3,'2350MNJ',1200,5430,'LAND ROVER','Range Rover Velar',3,5,2,949,72865,'Espacioso','Defectos menores',6,3,4,239);																			
INSERT INTO  vehiculos(id,oferta_id,matricula,precio_alquiler,precio_venta,marca,modelo,puertas,plazas,cambio_id,maletero,km_actuales,caracteristicas,estado,disponible_id,combustible_id,concesionario_id,seguro_vehiculo_id) VALUES (240,2,'5799BLD',665,10954,'LEXUS','GS',5,6,2,361,6314,'Silencioso','Casi sin uso',3,3,2,240);																			
INSERT INTO  vehiculos(id,oferta_id,matricula,precio_alquiler,precio_venta,marca,modelo,puertas,plazas,cambio_id,maletero,km_actuales,caracteristicas,estado,disponible_id,combustible_id,concesionario_id,seguro_vehiculo_id) VALUES (241,3,'2448KGB',1377,59651,'LEXUS','RX',5,3,1,557,5456,'Baja emisión de CO2','Nuevo',1,3,2,241);																			
INSERT INTO  vehiculos(id,oferta_id,matricula,precio_alquiler,precio_venta,marca,modelo,puertas,plazas,cambio_id,maletero,km_actuales,caracteristicas,estado,disponible_id,combustible_id,concesionario_id,seguro_vehiculo_id) VALUES (242,1,'7826CMG',1100,36931,'LEXUS','CT',4,5,1,999,80673,'Seguro y fiable','Muy desgastado',4,1,9,242);																			
INSERT INTO  vehiculos(id,oferta_id,matricula,precio_alquiler,precio_venta,marca,modelo,puertas,plazas,cambio_id,maletero,km_actuales,caracteristicas,estado,disponible_id,combustible_id,concesionario_id,seguro_vehiculo_id) VALUES (243,1,'6910BHL',1319,44168,'LEXUS','IS',5,4,2,695,8446,'Con piloto automático','Daños superficiales',6,1,9,243);																			
INSERT INTO  vehiculos(id,oferta_id,matricula,precio_alquiler,precio_venta,marca,modelo,puertas,plazas,cambio_id,maletero,km_actuales,caracteristicas,estado,disponible_id,combustible_id,concesionario_id,seguro_vehiculo_id) VALUES (244,3,'8318JHB',1387,47026,'LEXUS','NX',4,3,2,591,54844,'Asientos de piel con calefacción','Leve desgaste',3,2,3,244);																			
INSERT INTO  vehiculos(id,oferta_id,matricula,precio_alquiler,precio_venta,marca,modelo,puertas,plazas,cambio_id,maletero,km_actuales,caracteristicas,estado,disponible_id,combustible_id,concesionario_id,seguro_vehiculo_id) VALUES (245,5,'1666JCM',879,40824,'LEXUS','RC',5,4,2,865,67754,'Con control por voz','Viejo',3,3,7,245);																			
INSERT INTO  vehiculos(id,oferta_id,matricula,precio_alquiler,precio_venta,marca,modelo,puertas,plazas,cambio_id,maletero,km_actuales,caracteristicas,estado,disponible_id,combustible_id,concesionario_id,seguro_vehiculo_id) VALUES (246,2,'6973HBF',777,15457,'LEXUS','LS',5,2,1,746,61445,'Veloz y bajo consumo','Un poco sucio',3,1,5,246);																			
INSERT INTO  vehiculos(id,oferta_id,matricula,precio_alquiler,precio_venta,marca,modelo,puertas,plazas,cambio_id,maletero,km_actuales,caracteristicas,estado,disponible_id,combustible_id,concesionario_id,seguro_vehiculo_id) VALUES (247,2,'6501LCJ',810,13813,'LEXUS','LC',5,2,1,1004,13428,'Bajo coste de mantenimiento','Defectos menores',3,3,7,247);																			
INSERT INTO  vehiculos(id,oferta_id,matricula,precio_alquiler,precio_venta,marca,modelo,puertas,plazas,cambio_id,maletero,km_actuales,caracteristicas,estado,disponible_id,combustible_id,concesionario_id,seguro_vehiculo_id) VALUES (248,1,'4391NLL',1397,46053,'MAHINDRA','XUV500',3,4,2,769,4919,'Cómodo y amplio','Casi sin uso',6,3,8,248);																			
INSERT INTO  vehiculos(id,oferta_id,matricula,precio_alquiler,precio_venta,marca,modelo,puertas,plazas,cambio_id,maletero,km_actuales,caracteristicas,estado,disponible_id,combustible_id,concesionario_id,seguro_vehiculo_id) VALUES (249,1,'1515NDN',633,48682,'MASERATI','GranCabrio',2,6,2,568,39461,'Gran calidad de acabado','Nuevo',5,3,2,249);																			
INSERT INTO  vehiculos(id,oferta_id,matricula,precio_alquiler,precio_venta,marca,modelo,puertas,plazas,cambio_id,maletero,km_actuales,caracteristicas,estado,disponible_id,combustible_id,concesionario_id,seguro_vehiculo_id) VALUES (250,5,'4548JND',1370,7275,'MASERATI','Quattroporte',2,3,1,316,114,'Bajo consumo y silencioso','Muy desgastado',2,1,5,250);																			
INSERT INTO  vehiculos(id,oferta_id,matricula,precio_alquiler,precio_venta,marca,modelo,puertas,plazas,cambio_id,maletero,km_actuales,caracteristicas,estado,disponible_id,combustible_id,concesionario_id,seguro_vehiculo_id) VALUES (251,4,'2194JBB',1081,34798,'MASERATI','Ghibli',5,6,2,415,35282,'Respetuoso con el medio ambiente','Daños superficiales',6,3,5,251);																			
INSERT INTO  vehiculos(id,oferta_id,matricula,precio_alquiler,precio_venta,marca,modelo,puertas,plazas,cambio_id,maletero,km_actuales,caracteristicas,estado,disponible_id,combustible_id,concesionario_id,seguro_vehiculo_id) VALUES (252,1,'1972BNM',712,62119,'MASERATI','GranTurismo',2,3,2,966,13750,'Cómodo y seguro','Leve desgaste',5,1,3,252);																			
INSERT INTO  vehiculos(id,oferta_id,matricula,precio_alquiler,precio_venta,marca,modelo,puertas,plazas,cambio_id,maletero,km_actuales,caracteristicas,estado,disponible_id,combustible_id,concesionario_id,seguro_vehiculo_id) VALUES (253,3,'9764LMJ',1304,6905,'MASERATI','Levante',4,6,2,264,37519,'Veloz y silencioso','Viejo',6,2,6,253);																			
INSERT INTO  vehiculos(id,oferta_id,matricula,precio_alquiler,precio_venta,marca,modelo,puertas,plazas,cambio_id,maletero,km_actuales,caracteristicas,estado,disponible_id,combustible_id,concesionario_id,seguro_vehiculo_id) VALUES (254,1,'5826MKF',530,16435,'MAZDA','Mazda2',3,5,1,517,34289,'Con tracción 4x4','Un poco sucio',3,3,4,254);																			
INSERT INTO  vehiculos(id,oferta_id,matricula,precio_alquiler,precio_venta,marca,modelo,puertas,plazas,cambio_id,maletero,km_actuales,caracteristicas,estado,disponible_id,combustible_id,concesionario_id,seguro_vehiculo_id) VALUES (255,1,'8035BNH',1340,40741,'MAZDA','CX-5',2,4,1,317,60004,'Todoterreno','Defectos menores',2,3,9,255);																			
INSERT INTO  vehiculos(id,oferta_id,matricula,precio_alquiler,precio_venta,marca,modelo,puertas,plazas,cambio_id,maletero,km_actuales,caracteristicas,estado,disponible_id,combustible_id,concesionario_id,seguro_vehiculo_id) VALUES (256,4,'5947GJH',1244,8456,'MAZDA','Mazda6',5,2,1,999,6834,'Espacioso','Casi sin uso',4,3,5,256);																			
INSERT INTO  vehiculos(id,oferta_id,matricula,precio_alquiler,precio_venta,marca,modelo,puertas,plazas,cambio_id,maletero,km_actuales,caracteristicas,estado,disponible_id,combustible_id,concesionario_id,seguro_vehiculo_id) VALUES (257,5,'3752JJH',1090,50198,'MAZDA','MX-5',2,4,2,773,12614,'Silencioso','Nuevo',1,3,9,257);																			
INSERT INTO  vehiculos(id,oferta_id,matricula,precio_alquiler,precio_venta,marca,modelo,puertas,plazas,cambio_id,maletero,km_actuales,caracteristicas,estado,disponible_id,combustible_id,concesionario_id,seguro_vehiculo_id) VALUES (258,4,'4743MML',587,49503,'MAZDA','Mazda3',5,2,2,593,71047,'Baja emisión de CO2','Muy desgastado',1,2,10,258);																			
INSERT INTO  vehiculos(id,oferta_id,matricula,precio_alquiler,precio_venta,marca,modelo,puertas,plazas,cambio_id,maletero,km_actuales,caracteristicas,estado,disponible_id,combustible_id,concesionario_id,seguro_vehiculo_id) VALUES (259,4,'1738LMG',1434,65783,'MAZDA','Mazda5',5,2,1,531,53367,'Seguro y fiable','Daños superficiales',1,2,2,259);																			
INSERT INTO  vehiculos(id,oferta_id,matricula,precio_alquiler,precio_venta,marca,modelo,puertas,plazas,cambio_id,maletero,km_actuales,caracteristicas,estado,disponible_id,combustible_id,concesionario_id,seguro_vehiculo_id) VALUES (260,1,'1399DKM',1113,27574,'MAZDA','CX-9',3,3,2,414,2711,'Con piloto automático','Leve desgaste',2,3,6,260);																			
INSERT INTO  vehiculos(id,oferta_id,matricula,precio_alquiler,precio_venta,marca,modelo,puertas,plazas,cambio_id,maletero,km_actuales,caracteristicas,estado,disponible_id,combustible_id,concesionario_id,seguro_vehiculo_id) VALUES (261,1,'8516KGN',1296,49566,'MAZDA','CX-3',5,3,1,608,42671,'Asientos de piel con calefacción','Viejo',3,2,1,261);																			
INSERT INTO  vehiculos(id,oferta_id,matricula,precio_alquiler,precio_venta,marca,modelo,puertas,plazas,cambio_id,maletero,km_actuales,caracteristicas,estado,disponible_id,combustible_id,concesionario_id,seguro_vehiculo_id) VALUES (262,1,'9994BBF',1408,11062,'MERCEDES','Clase SL',4,5,1,742,67969,'Con control por voz','Un poco sucio',5,2,3,262);																			
INSERT INTO  vehiculos(id,oferta_id,matricula,precio_alquiler,precio_venta,marca,modelo,puertas,plazas,cambio_id,maletero,km_actuales,caracteristicas,estado,disponible_id,combustible_id,concesionario_id,seguro_vehiculo_id) VALUES (263,2,'3955BJF',1104,56682,'MERCEDES','Clase SLK',5,4,2,555,68188,'Veloz y bajo consumo','Defectos menores',1,3,7,263);																			
INSERT INTO  vehiculos(id,oferta_id,matricula,precio_alquiler,precio_venta,marca,modelo,puertas,plazas,cambio_id,maletero,km_actuales,caracteristicas,estado,disponible_id,combustible_id,concesionario_id,seguro_vehiculo_id) VALUES (264,2,'7554MHG',739,35943,'MERCEDES','Clase V',5,5,2,1018,47930,'Bajo coste de mantenimiento','Casi sin uso',1,2,3,264);																			
INSERT INTO  vehiculos(id,oferta_id,matricula,precio_alquiler,precio_venta,marca,modelo,puertas,plazas,cambio_id,maletero,km_actuales,caracteristicas,estado,disponible_id,combustible_id,concesionario_id,seguro_vehiculo_id) VALUES (265,5,'5745CBF',1003,7243,'MERCEDES','Clase C',5,3,1,742,76544,'Cómodo y amplio','Nuevo',5,3,9,265);																			
INSERT INTO  vehiculos(id,oferta_id,matricula,precio_alquiler,precio_venta,marca,modelo,puertas,plazas,cambio_id,maletero,km_actuales,caracteristicas,estado,disponible_id,combustible_id,concesionario_id,seguro_vehiculo_id) VALUES (266,2,'8200BFN',1082,12643,'MERCEDES','Clase M',2,6,1,713,8397,'Gran calidad de acabado','Muy desgastado',3,1,1,266);																			
INSERT INTO  vehiculos(id,oferta_id,matricula,precio_alquiler,precio_venta,marca,modelo,puertas,plazas,cambio_id,maletero,km_actuales,caracteristicas,estado,disponible_id,combustible_id,concesionario_id,seguro_vehiculo_id) VALUES (267,1,'0111GCK',1400,14796,'MERCEDES','Clase G',3,3,1,246,2541,'Bajo consumo y silencioso','Daños superficiales',2,1,6,267);																			
INSERT INTO  vehiculos(id,oferta_id,matricula,precio_alquiler,precio_venta,marca,modelo,puertas,plazas,cambio_id,maletero,km_actuales,caracteristicas,estado,disponible_id,combustible_id,concesionario_id,seguro_vehiculo_id) VALUES (268,3,'4947CBN',1365,61586,'MERCEDES','Clase E',3,5,1,706,84007,'Respetuoso con el medio ambiente','Leve desgaste',1,1,6,268);																			
INSERT INTO  vehiculos(id,oferta_id,matricula,precio_alquiler,precio_venta,marca,modelo,puertas,plazas,cambio_id,maletero,km_actuales,caracteristicas,estado,disponible_id,combustible_id,concesionario_id,seguro_vehiculo_id) VALUES (269,1,'5428BHG',1270,31161,'MERCEDES','Clase CL',3,6,2,832,33102,'Cómodo y seguro','Viejo',2,1,5,269);																			
INSERT INTO  vehiculos(id,oferta_id,matricula,precio_alquiler,precio_venta,marca,modelo,puertas,plazas,cambio_id,maletero,km_actuales,caracteristicas,estado,disponible_id,combustible_id,concesionario_id,seguro_vehiculo_id) VALUES (270,4,'9320JBH',737,49943,'MERCEDES','Clase S',4,2,1,497,33375,'Veloz y silencioso','Un poco sucio',2,1,4,270);																			
INSERT INTO  vehiculos(id,oferta_id,matricula,precio_alquiler,precio_venta,marca,modelo,puertas,plazas,cambio_id,maletero,km_actuales,caracteristicas,estado,disponible_id,combustible_id,concesionario_id,seguro_vehiculo_id) VALUES (271,4,'6521LKJ',1299,64735,'MERCEDES','Clase GLK',5,5,2,559,45563,'Con tracción 4x4','Defectos menores',4,2,8,271);																			
INSERT INTO  vehiculos(id,oferta_id,matricula,precio_alquiler,precio_venta,marca,modelo,puertas,plazas,cambio_id,maletero,km_actuales,caracteristicas,estado,disponible_id,combustible_id,concesionario_id,seguro_vehiculo_id) VALUES (272,4,'0856JGB',1260,20927,'MERCEDES','SLS AMG',2,6,2,1030,51551,'Todoterreno','Casi sin uso',6,2,10,272);																			
INSERT INTO  vehiculos(id,oferta_id,matricula,precio_alquiler,precio_venta,marca,modelo,puertas,plazas,cambio_id,maletero,km_actuales,caracteristicas,estado,disponible_id,combustible_id,concesionario_id,seguro_vehiculo_id) VALUES (273,1,'9811CLC',1144,60118,'MERCEDES','Clase B',4,4,2,682,10258,'Espacioso','Nuevo',5,3,10,273);																			
INSERT INTO  vehiculos(id,oferta_id,matricula,precio_alquiler,precio_venta,marca,modelo,puertas,plazas,cambio_id,maletero,km_actuales,caracteristicas,estado,disponible_id,combustible_id,concesionario_id,seguro_vehiculo_id) VALUES (274,5,'7232DGG',1393,38251,'MERCEDES','Clase A',4,2,2,172,10733,'Silencioso','Muy desgastado',1,3,2,274);																			
INSERT INTO  vehiculos(id,oferta_id,matricula,precio_alquiler,precio_venta,marca,modelo,puertas,plazas,cambio_id,maletero,km_actuales,caracteristicas,estado,disponible_id,combustible_id,concesionario_id,seguro_vehiculo_id) VALUES (275,2,'9544BFF',500,11439,'MERCEDES','Clase GL',4,3,2,462,57249,'Baja emisión de CO2','Daños superficiales',6,2,6,275);																			
INSERT INTO  vehiculos(id,oferta_id,matricula,precio_alquiler,precio_venta,marca,modelo,puertas,plazas,cambio_id,maletero,km_actuales,caracteristicas,estado,disponible_id,combustible_id,concesionario_id,seguro_vehiculo_id) VALUES (276,2,'4107KBJ',637,24880,'MERCEDES','Clase CLS',5,5,1,338,72620,'Seguro y fiable','Leve desgaste',1,1,8,276);																			
INSERT INTO  vehiculos(id,oferta_id,matricula,precio_alquiler,precio_venta,marca,modelo,puertas,plazas,cambio_id,maletero,km_actuales,caracteristicas,estado,disponible_id,combustible_id,concesionario_id,seguro_vehiculo_id) VALUES (277,4,'2146JMM',1145,34377,'MERCEDES','Clase CLA',2,5,2,392,27426,'Con piloto automático','Viejo',5,2,10,277);																			
INSERT INTO  vehiculos(id,oferta_id,matricula,precio_alquiler,precio_venta,marca,modelo,puertas,plazas,cambio_id,maletero,km_actuales,caracteristicas,estado,disponible_id,combustible_id,concesionario_id,seguro_vehiculo_id) VALUES (278,5,'0599KGM',877,51569,'MERCEDES','Clase GLA',3,3,2,871,33421,'Asientos de piel con calefacción','Un poco sucio',5,2,9,278);																			
INSERT INTO  vehiculos(id,oferta_id,matricula,precio_alquiler,precio_venta,marca,modelo,puertas,plazas,cambio_id,maletero,km_actuales,caracteristicas,estado,disponible_id,combustible_id,concesionario_id,seguro_vehiculo_id) VALUES (279,1,'5357HDF',955,47501,'MERCEDES','AMG GT',3,3,1,869,78995,'Con control por voz','Defectos menores',1,2,2,279);																			
INSERT INTO  vehiculos(id,oferta_id,matricula,precio_alquiler,precio_venta,marca,modelo,puertas,plazas,cambio_id,maletero,km_actuales,caracteristicas,estado,disponible_id,combustible_id,concesionario_id,seguro_vehiculo_id) VALUES (280,4,'4020KNH',754,13153,'MERCEDES','Vito',4,3,2,807,33941,'Veloz y bajo consumo','Casi sin uso',5,1,10,280);																			
INSERT INTO  vehiculos(id,oferta_id,matricula,precio_alquiler,precio_venta,marca,modelo,puertas,plazas,cambio_id,maletero,km_actuales,caracteristicas,estado,disponible_id,combustible_id,concesionario_id,seguro_vehiculo_id) VALUES (281,4,'2174JBC',641,13333,'MERCEDES','Clase GLE Coupé',2,4,1,764,53138,'Bajo coste de mantenimiento','Nuevo',4,1,4,281);																			
INSERT INTO  vehiculos(id,oferta_id,matricula,precio_alquiler,precio_venta,marca,modelo,puertas,plazas,cambio_id,maletero,km_actuales,caracteristicas,estado,disponible_id,combustible_id,concesionario_id,seguro_vehiculo_id) VALUES (282,3,'8258KFB',503,53487,'MERCEDES','Clase GLE',2,6,2,306,17529,'Cómodo y amplio','Muy desgastado',2,2,1,282);																			
INSERT INTO  vehiculos(id,oferta_id,matricula,precio_alquiler,precio_venta,marca,modelo,puertas,plazas,cambio_id,maletero,km_actuales,caracteristicas,estado,disponible_id,combustible_id,concesionario_id,seguro_vehiculo_id) VALUES (283,2,'9039LCC',1449,17665,'MERCEDES','Clase GLE Coupé',3,3,2,596,26591,'Gran calidad de acabado','Daños superficiales',3,1,5,283);																			
INSERT INTO  vehiculos(id,oferta_id,matricula,precio_alquiler,precio_venta,marca,modelo,puertas,plazas,cambio_id,maletero,km_actuales,caracteristicas,estado,disponible_id,combustible_id,concesionario_id,seguro_vehiculo_id) VALUES (284,5,'1460FNF',1316,53573,'MERCEDES','Clase GLK',2,6,2,700,66819,'Bajo consumo y silencioso','Leve desgaste',5,3,7,284);																			
INSERT INTO  vehiculos(id,oferta_id,matricula,precio_alquiler,precio_venta,marca,modelo,puertas,plazas,cambio_id,maletero,km_actuales,caracteristicas,estado,disponible_id,combustible_id,concesionario_id,seguro_vehiculo_id) VALUES (285,5,'7296LFF',593,13328,'MERCEDES','Clase GLC',3,2,1,937,49311,'Respetuoso con el medio ambiente','Viejo',6,1,10,285);																			
INSERT INTO  vehiculos(id,oferta_id,matricula,precio_alquiler,precio_venta,marca,modelo,puertas,plazas,cambio_id,maletero,km_actuales,caracteristicas,estado,disponible_id,combustible_id,concesionario_id,seguro_vehiculo_id) VALUES (286,1,'6712BBD',533,28781,'MERCEDES','Citan',3,5,1,934,33846,'Cómodo y seguro','Un poco sucio',2,1,10,286);																			
INSERT INTO  vehiculos(id,oferta_id,matricula,precio_alquiler,precio_venta,marca,modelo,puertas,plazas,cambio_id,maletero,km_actuales,caracteristicas,estado,disponible_id,combustible_id,concesionario_id,seguro_vehiculo_id) VALUES (287,2,'5421GBG',747,20947,'MERCEDES','Clase GLS',4,3,1,527,62639,'Veloz y silencioso','Defectos menores',5,1,5,287);																			
INSERT INTO  vehiculos(id,oferta_id,matricula,precio_alquiler,precio_venta,marca,modelo,puertas,plazas,cambio_id,maletero,km_actuales,caracteristicas,estado,disponible_id,combustible_id,concesionario_id,seguro_vehiculo_id) VALUES (288,5,'2049JBJ',940,56996,'MERCEDES','Clase SLC',5,2,1,556,75236,'Con tracción 4x4','Casi sin uso',3,1,3,288);																			
INSERT INTO  vehiculos(id,oferta_id,matricula,precio_alquiler,precio_venta,marca,modelo,puertas,plazas,cambio_id,maletero,km_actuales,caracteristicas,estado,disponible_id,combustible_id,concesionario_id,seguro_vehiculo_id) VALUES (289,4,'1704JGJ',1394,54767,'MERCEDES','GLC Coupé',3,2,2,853,44802,'Todoterreno','Nuevo',5,1,4,289);																			
INSERT INTO  vehiculos(id,oferta_id,matricula,precio_alquiler,precio_venta,marca,modelo,puertas,plazas,cambio_id,maletero,km_actuales,caracteristicas,estado,disponible_id,combustible_id,concesionario_id,seguro_vehiculo_id) VALUES (290,1,'6598NDC',1028,26451,'MERCEDES','Mercedes-AMG GT',4,3,1,205,18992,'Espacioso','Muy desgastado',4,3,3,290);																			
INSERT INTO  vehiculos(id,oferta_id,matricula,precio_alquiler,precio_venta,marca,modelo,puertas,plazas,cambio_id,maletero,km_actuales,caracteristicas,estado,disponible_id,combustible_id,concesionario_id,seguro_vehiculo_id) VALUES (291,2,'0456NNC',758,51705,'MERCEDES','CLS',4,2,1,893,16787,'Silencioso','Daños superficiales',2,2,2,291);																			
INSERT INTO  vehiculos(id,oferta_id,matricula,precio_alquiler,precio_venta,marca,modelo,puertas,plazas,cambio_id,maletero,km_actuales,caracteristicas,estado,disponible_id,combustible_id,concesionario_id,seguro_vehiculo_id) VALUES (292,1,'9276NFC',1295,57145,'MINI','MINI',2,3,2,568,17189,'Baja emisión de CO2','Leve desgaste',3,2,2,292);																			
INSERT INTO  vehiculos(id,oferta_id,matricula,precio_alquiler,precio_venta,marca,modelo,puertas,plazas,cambio_id,maletero,km_actuales,caracteristicas,estado,disponible_id,combustible_id,concesionario_id,seguro_vehiculo_id) VALUES (293,4,'0095GJH',750,49602,'MINI','COUNTRYMAN',4,3,2,812,36648,'Seguro y fiable','Viejo',4,2,4,293);																			
INSERT INTO  vehiculos(id,oferta_id,matricula,precio_alquiler,precio_venta,marca,modelo,puertas,plazas,cambio_id,maletero,km_actuales,caracteristicas,estado,disponible_id,combustible_id,concesionario_id,seguro_vehiculo_id) VALUES (294,4,'6765GCC',1368,21730,'MINI','PACEMAN',5,6,2,487,43973,'Con piloto automático','Un poco sucio',1,3,8,294);																			
INSERT INTO  vehiculos(id,oferta_id,matricula,precio_alquiler,precio_venta,marca,modelo,puertas,plazas,cambio_id,maletero,km_actuales,caracteristicas,estado,disponible_id,combustible_id,concesionario_id,seguro_vehiculo_id) VALUES (295,4,'9220CNH',602,38316,'MINI','CLUBMAN',3,4,2,181,22883,'Asientos de piel con calefacción','Defectos menores',3,3,3,295);																			
INSERT INTO  vehiculos(id,oferta_id,matricula,precio_alquiler,precio_venta,marca,modelo,puertas,plazas,cambio_id,maletero,km_actuales,caracteristicas,estado,disponible_id,combustible_id,concesionario_id,seguro_vehiculo_id) VALUES (296,3,'9194NMF',916,23073,'MITSUBISHI','Montero',5,3,2,357,37075,'Con control por voz','Casi sin uso',2,1,4,296);																			
INSERT INTO  vehiculos(id,oferta_id,matricula,precio_alquiler,precio_venta,marca,modelo,puertas,plazas,cambio_id,maletero,km_actuales,caracteristicas,estado,disponible_id,combustible_id,concesionario_id,seguro_vehiculo_id) VALUES (297,3,'7224FMB',1171,32435,'MITSUBISHI','i-MiEV',3,4,1,218,8982,'Veloz y bajo consumo','Nuevo',3,3,3,297);																			
INSERT INTO  vehiculos(id,oferta_id,matricula,precio_alquiler,precio_venta,marca,modelo,puertas,plazas,cambio_id,maletero,km_actuales,caracteristicas,estado,disponible_id,combustible_id,concesionario_id,seguro_vehiculo_id) VALUES (298,1,'3961LHB',597,32180,'MITSUBISHI','ASX',5,3,1,891,43511,'Bajo coste de mantenimiento','Muy desgastado',1,3,6,298);																			
INSERT INTO  vehiculos(id,oferta_id,matricula,precio_alquiler,precio_venta,marca,modelo,puertas,plazas,cambio_id,maletero,km_actuales,caracteristicas,estado,disponible_id,combustible_id,concesionario_id,seguro_vehiculo_id) VALUES (299,1,'7976FJH',1168,47020,'MITSUBISHI','Outlander',3,3,1,213,29252,'Cómodo y amplio','Daños superficiales',1,3,5,299);																			
INSERT INTO  vehiculos(id,oferta_id,matricula,precio_alquiler,precio_venta,marca,modelo,puertas,plazas,cambio_id,maletero,km_actuales,caracteristicas,estado,disponible_id,combustible_id,concesionario_id,seguro_vehiculo_id) VALUES (300,2,'2261MGG',757,59052,'MITSUBISHI','Space Star',4,2,2,852,7674,'Gran calidad de acabado','Leve desgaste',4,3,1,300);																			
INSERT INTO  vehiculos(id,oferta_id,matricula,precio_alquiler,precio_venta,marca,modelo,puertas,plazas,cambio_id,maletero,km_actuales,caracteristicas,estado,disponible_id,combustible_id,concesionario_id,seguro_vehiculo_id) VALUES (301,4,'1982CKH',1274,36001,'MITSUBISHI','L200',5,2,1,787,29728,'Bajo consumo y silencioso','Viejo',4,2,2,301);																			
INSERT INTO  vehiculos(id,oferta_id,matricula,precio_alquiler,precio_venta,marca,modelo,puertas,plazas,cambio_id,maletero,km_actuales,caracteristicas,estado,disponible_id,combustible_id,concesionario_id,seguro_vehiculo_id) VALUES (302,5,'5053DGB',1296,37231,'MITSUBISHI','Eclipse Cross',2,4,1,964,63075,'Respetuoso con el medio ambiente','Un poco sucio',4,3,4,302);																			
INSERT INTO  vehiculos(id,oferta_id,matricula,precio_alquiler,precio_venta,marca,modelo,puertas,plazas,cambio_id,maletero,km_actuales,caracteristicas,estado,disponible_id,combustible_id,concesionario_id,seguro_vehiculo_id) VALUES (303,4,'3944GBF',1092,39818,'MORGAN','Roadster',4,2,1,747,31499,'Cómodo y seguro','Defectos menores',6,3,9,303);																			
INSERT INTO  vehiculos(id,oferta_id,matricula,precio_alquiler,precio_venta,marca,modelo,puertas,plazas,cambio_id,maletero,km_actuales,caracteristicas,estado,disponible_id,combustible_id,concesionario_id,seguro_vehiculo_id) VALUES (304,1,'8502DHG',698,42505,'MORGAN','Plus 8',4,6,2,759,6302,'Veloz y silencioso','Casi sin uso',6,3,1,304);																			
INSERT INTO  vehiculos(id,oferta_id,matricula,precio_alquiler,precio_venta,marca,modelo,puertas,plazas,cambio_id,maletero,km_actuales,caracteristicas,estado,disponible_id,combustible_id,concesionario_id,seguro_vehiculo_id) VALUES (305,3,'3913JFJ',666,35017,'MORGAN','Plus 4',4,6,1,568,44748,'Con tracción 4x4','Nuevo',5,2,7,305);																			
INSERT INTO  vehiculos(id,oferta_id,matricula,precio_alquiler,precio_venta,marca,modelo,puertas,plazas,cambio_id,maletero,km_actuales,caracteristicas,estado,disponible_id,combustible_id,concesionario_id,seguro_vehiculo_id) VALUES (306,2,'0966CHL',873,36984,'MORGAN','43925',5,3,2,589,56345,'Todoterreno','Muy desgastado',2,3,2,306);																			
INSERT INTO  vehiculos(id,oferta_id,matricula,precio_alquiler,precio_venta,marca,modelo,puertas,plazas,cambio_id,maletero,km_actuales,caracteristicas,estado,disponible_id,combustible_id,concesionario_id,seguro_vehiculo_id) VALUES (307,5,'6372JKJ',685,26609,'NISSAN','X-TRAIL',2,5,1,465,60296,'Espacioso','Daños superficiales',6,3,8,307);																			
INSERT INTO  vehiculos(id,oferta_id,matricula,precio_alquiler,precio_venta,marca,modelo,puertas,plazas,cambio_id,maletero,km_actuales,caracteristicas,estado,disponible_id,combustible_id,concesionario_id,seguro_vehiculo_id) VALUES (308,3,'0467NJH',944,15941,'NISSAN','QASHQAI',2,5,1,182,53197,'Silencioso','Leve desgaste',6,2,5,308);																			
INSERT INTO  vehiculos(id,oferta_id,matricula,precio_alquiler,precio_venta,marca,modelo,puertas,plazas,cambio_id,maletero,km_actuales,caracteristicas,estado,disponible_id,combustible_id,concesionario_id,seguro_vehiculo_id) VALUES (309,1,'2010MLL',485,7555,'NISSAN','NOTE',4,2,2,902,73953,'Baja emisión de CO2','Viejo',5,1,4,309);																			
INSERT INTO  vehiculos(id,oferta_id,matricula,precio_alquiler,precio_venta,marca,modelo,puertas,plazas,cambio_id,maletero,km_actuales,caracteristicas,estado,disponible_id,combustible_id,concesionario_id,seguro_vehiculo_id) VALUES (310,5,'3648HHG',728,52698,'NISSAN','LEAF',2,2,2,413,39349,'Seguro y fiable','Un poco sucio',2,1,10,310);																			
INSERT INTO  vehiculos(id,oferta_id,matricula,precio_alquiler,precio_venta,marca,modelo,puertas,plazas,cambio_id,maletero,km_actuales,caracteristicas,estado,disponible_id,combustible_id,concesionario_id,seguro_vehiculo_id) VALUES (311,4,'3147GHL',971,16168,'NISSAN','Pathfinder',3,4,1,355,58917,'Con piloto automático','Defectos menores',3,2,6,311);																			
INSERT INTO  vehiculos(id,oferta_id,matricula,precio_alquiler,precio_venta,marca,modelo,puertas,plazas,cambio_id,maletero,km_actuales,caracteristicas,estado,disponible_id,combustible_id,concesionario_id,seguro_vehiculo_id) VALUES (312,2,'5199CHK',1041,14257,'NISSAN','EVALIA',5,3,1,588,19568,'Asientos de piel con calefacción','Casi sin uso',3,2,1,312);																			
INSERT INTO  vehiculos(id,oferta_id,matricula,precio_alquiler,precio_venta,marca,modelo,puertas,plazas,cambio_id,maletero,km_actuales,caracteristicas,estado,disponible_id,combustible_id,concesionario_id,seguro_vehiculo_id) VALUES (313,4,'4648HBL',873,19797,'NISSAN','Navara',2,3,1,845,59900,'Con control por voz','Nuevo',2,1,6,313);																			
INSERT INTO  vehiculos(id,oferta_id,matricula,precio_alquiler,precio_venta,marca,modelo,puertas,plazas,cambio_id,maletero,km_actuales,caracteristicas,estado,disponible_id,combustible_id,concesionario_id,seguro_vehiculo_id) VALUES (314,3,'2210FBL',1353,66016,'NISSAN','Micra',3,3,2,687,38770,'Veloz y bajo consumo','Muy desgastado',4,2,6,314);																			
INSERT INTO  vehiculos(id,oferta_id,matricula,precio_alquiler,precio_venta,marca,modelo,puertas,plazas,cambio_id,maletero,km_actuales,caracteristicas,estado,disponible_id,combustible_id,concesionario_id,seguro_vehiculo_id) VALUES (315,2,'7713FBC',558,58942,'NISSAN','JUKE',3,2,2,417,4179,'Bajo coste de mantenimiento','Daños superficiales',2,3,3,315);																			
INSERT INTO  vehiculos(id,oferta_id,matricula,precio_alquiler,precio_venta,marca,modelo,puertas,plazas,cambio_id,maletero,km_actuales,caracteristicas,estado,disponible_id,combustible_id,concesionario_id,seguro_vehiculo_id) VALUES (316,5,'0673MLK',982,54216,'NISSAN','370Z',5,6,1,920,25375,'Cómodo y amplio','Leve desgaste',4,3,6,316);																			
INSERT INTO  vehiculos(id,oferta_id,matricula,precio_alquiler,precio_venta,marca,modelo,puertas,plazas,cambio_id,maletero,km_actuales,caracteristicas,estado,disponible_id,combustible_id,concesionario_id,seguro_vehiculo_id) VALUES (317,3,'4730BFD',1232,13220,'NISSAN','NV200',3,3,1,826,30308,'Gran calidad de acabado','Viejo',6,2,2,317);																			
INSERT INTO  vehiculos(id,oferta_id,matricula,precio_alquiler,precio_venta,marca,modelo,puertas,plazas,cambio_id,maletero,km_actuales,caracteristicas,estado,disponible_id,combustible_id,concesionario_id,seguro_vehiculo_id) VALUES (318,3,'0273JGM',1202,60133,'NISSAN','GT-R',4,2,2,948,32152,'Bajo consumo y silencioso','Un poco sucio',6,3,5,318);																			
INSERT INTO  vehiculos(id,oferta_id,matricula,precio_alquiler,precio_venta,marca,modelo,puertas,plazas,cambio_id,maletero,km_actuales,caracteristicas,estado,disponible_id,combustible_id,concesionario_id,seguro_vehiculo_id) VALUES (319,5,'9082GMK',710,12031,'NISSAN','PULSAR',2,4,1,1016,41349,'Respetuoso con el medio ambiente','Defectos menores',3,3,2,319);																			
INSERT INTO  vehiculos(id,oferta_id,matricula,precio_alquiler,precio_venta,marca,modelo,puertas,plazas,cambio_id,maletero,km_actuales,caracteristicas,estado,disponible_id,combustible_id,concesionario_id,seguro_vehiculo_id) VALUES (320,5,'7444GGM',602,36018,'NISSAN','Murano',2,3,2,814,75082,'Cómodo y seguro','Casi sin uso',2,1,3,320);																			
INSERT INTO  vehiculos(id,oferta_id,matricula,precio_alquiler,precio_venta,marca,modelo,puertas,plazas,cambio_id,maletero,km_actuales,caracteristicas,estado,disponible_id,combustible_id,concesionario_id,seguro_vehiculo_id) VALUES (321,5,'7259FML',1075,60546,'NISSAN','NV200 EVALIA',3,3,1,542,14077,'Veloz y silencioso','Nuevo',1,1,9,321);																			
INSERT INTO  vehiculos(id,oferta_id,matricula,precio_alquiler,precio_venta,marca,modelo,puertas,plazas,cambio_id,maletero,km_actuales,caracteristicas,estado,disponible_id,combustible_id,concesionario_id,seguro_vehiculo_id) VALUES (322,4,'3842NHD',961,8678,'NISSAN','e-NV200 EVALIA',2,5,1,1000,28648,'Con tracción 4x4','Muy desgastado',6,3,8,322);																			
INSERT INTO  vehiculos(id,oferta_id,matricula,precio_alquiler,precio_venta,marca,modelo,puertas,plazas,cambio_id,maletero,km_actuales,caracteristicas,estado,disponible_id,combustible_id,concesionario_id,seguro_vehiculo_id) VALUES (323,4,'1791GBL',1317,27874,'OPEL','Mokka X',3,4,1,766,45117,'Todoterreno','Daños superficiales',4,3,8,323);																			
INSERT INTO  vehiculos(id,oferta_id,matricula,precio_alquiler,precio_venta,marca,modelo,puertas,plazas,cambio_id,maletero,km_actuales,caracteristicas,estado,disponible_id,combustible_id,concesionario_id,seguro_vehiculo_id) VALUES (324,1,'3107NKH',1165,40399,'OPEL','Vivaro',2,6,1,719,71105,'Espacioso','Leve desgaste',1,2,7,324);																			
INSERT INTO  vehiculos(id,oferta_id,matricula,precio_alquiler,precio_venta,marca,modelo,puertas,plazas,cambio_id,maletero,km_actuales,caracteristicas,estado,disponible_id,combustible_id,concesionario_id,seguro_vehiculo_id) VALUES (325,4,'0831HKD',1090,37786,'OPEL','Grandland X',5,5,2,410,45900,'Silencioso','Viejo',4,2,8,325);																			
INSERT INTO  vehiculos(id,oferta_id,matricula,precio_alquiler,precio_venta,marca,modelo,puertas,plazas,cambio_id,maletero,km_actuales,caracteristicas,estado,disponible_id,combustible_id,concesionario_id,seguro_vehiculo_id) VALUES (326,1,'9272FFB',985,10838,'OPEL (GM COMPANY)','Corsa',3,6,1,393,43444,'Baja emisión de CO2','Un poco sucio',4,1,2,326);																			
INSERT INTO  vehiculos(id,oferta_id,matricula,precio_alquiler,precio_venta,marca,modelo,puertas,plazas,cambio_id,maletero,km_actuales,caracteristicas,estado,disponible_id,combustible_id,concesionario_id,seguro_vehiculo_id) VALUES (327,5,'9950MKG',1278,61721,'OPEL (GM COMPANY)','Astra',5,3,2,658,54194,'Seguro y fiable','Defectos menores',1,3,10,327);																			
INSERT INTO  vehiculos(id,oferta_id,matricula,precio_alquiler,precio_venta,marca,modelo,puertas,plazas,cambio_id,maletero,km_actuales,caracteristicas,estado,disponible_id,combustible_id,concesionario_id,seguro_vehiculo_id) VALUES (328,2,'7210JJM',1395,30773,'OPEL (GM COMPANY)','Meriva',3,5,1,276,39838,'Con piloto automático','Casi sin uso',4,1,1,328);																			
INSERT INTO  vehiculos(id,oferta_id,matricula,precio_alquiler,precio_venta,marca,modelo,puertas,plazas,cambio_id,maletero,km_actuales,caracteristicas,estado,disponible_id,combustible_id,concesionario_id,seguro_vehiculo_id) VALUES (329,2,'7883NCM',1372,54102,'OPEL (GM COMPANY)','Zafira Tourer',4,3,2,265,2314,'Asientos de piel con calefacción','Nuevo',6,2,4,329);																			
INSERT INTO  vehiculos(id,oferta_id,matricula,precio_alquiler,precio_venta,marca,modelo,puertas,plazas,cambio_id,maletero,km_actuales,caracteristicas,estado,disponible_id,combustible_id,concesionario_id,seguro_vehiculo_id) VALUES (330,3,'8888LMG',1403,12841,'OPEL (GM COMPANY)','Zafira',2,6,2,579,39875,'Con control por voz','Muy desgastado',5,3,4,330);																			
INSERT INTO  vehiculos(id,oferta_id,matricula,precio_alquiler,precio_venta,marca,modelo,puertas,plazas,cambio_id,maletero,km_actuales,caracteristicas,estado,disponible_id,combustible_id,concesionario_id,seguro_vehiculo_id) VALUES (331,1,'1837MKC',862,20106,'OPEL (GM COMPANY)','Insignia',4,2,2,1017,37349,'Veloz y bajo consumo','Daños superficiales',4,3,1,331);																			
INSERT INTO  vehiculos(id,oferta_id,matricula,precio_alquiler,precio_venta,marca,modelo,puertas,plazas,cambio_id,maletero,km_actuales,caracteristicas,estado,disponible_id,combustible_id,concesionario_id,seguro_vehiculo_id) VALUES (332,1,'7294GJC',672,17356,'OPEL (GM COMPANY)','Combo',2,2,1,964,29486,'Bajo coste de mantenimiento','Leve desgaste',5,3,2,332);																			
INSERT INTO  vehiculos(id,oferta_id,matricula,precio_alquiler,precio_venta,marca,modelo,puertas,plazas,cambio_id,maletero,km_actuales,caracteristicas,estado,disponible_id,combustible_id,concesionario_id,seguro_vehiculo_id) VALUES (333,2,'1250DFF',877,34075,'OPEL (GM COMPANY)','Ampera',4,6,1,523,16976,'Cómodo y amplio','Viejo',4,3,9,333);																			
INSERT INTO  vehiculos(id,oferta_id,matricula,precio_alquiler,precio_venta,marca,modelo,puertas,plazas,cambio_id,maletero,km_actuales,caracteristicas,estado,disponible_id,combustible_id,concesionario_id,seguro_vehiculo_id) VALUES (334,4,'5146CHK',719,41627,'OPEL (GM COMPANY)','Mokka',2,4,2,356,59535,'Gran calidad de acabado','Un poco sucio',4,1,1,334);																			
INSERT INTO  vehiculos(id,oferta_id,matricula,precio_alquiler,precio_venta,marca,modelo,puertas,plazas,cambio_id,maletero,km_actuales,caracteristicas,estado,disponible_id,combustible_id,concesionario_id,seguro_vehiculo_id) VALUES (335,4,'3656HJG',1030,13224,'OPEL (GM COMPANY)','Adam',4,5,1,177,22167,'Bajo consumo y silencioso','Defectos menores',2,2,3,335);																			
INSERT INTO  vehiculos(id,oferta_id,matricula,precio_alquiler,precio_venta,marca,modelo,puertas,plazas,cambio_id,maletero,km_actuales,caracteristicas,estado,disponible_id,combustible_id,concesionario_id,seguro_vehiculo_id) VALUES (336,5,'0624GDF',1338,52425,'OPEL (GM COMPANY)','Cabrio',2,6,2,702,82544,'Respetuoso con el medio ambiente','Casi sin uso',2,3,5,336);																			
INSERT INTO  vehiculos(id,oferta_id,matricula,precio_alquiler,precio_venta,marca,modelo,puertas,plazas,cambio_id,maletero,km_actuales,caracteristicas,estado,disponible_id,combustible_id,concesionario_id,seguro_vehiculo_id) VALUES (337,4,'6538MMH',1185,47745,'OPEL (GM COMPANY)','Antara',3,3,1,621,43591,'Cómodo y seguro','Nuevo',3,3,10,337);																			
INSERT INTO  vehiculos(id,oferta_id,matricula,precio_alquiler,precio_venta,marca,modelo,puertas,plazas,cambio_id,maletero,km_actuales,caracteristicas,estado,disponible_id,combustible_id,concesionario_id,seguro_vehiculo_id) VALUES (338,5,'1864FGF',752,59096,'OPEL (GM COMPANY)','Karl',2,3,2,969,33444,'Veloz y silencioso','Muy desgastado',1,2,2,338);																			
INSERT INTO  vehiculos(id,oferta_id,matricula,precio_alquiler,precio_venta,marca,modelo,puertas,plazas,cambio_id,maletero,km_actuales,caracteristicas,estado,disponible_id,combustible_id,concesionario_id,seguro_vehiculo_id) VALUES (339,1,'3862KKC',827,61525,'OPEL (GM COMPANY)','GTC',2,2,2,871,12826,'Con tracción 4x4','Daños superficiales',3,2,4,339);																			
INSERT INTO  vehiculos(id,oferta_id,matricula,precio_alquiler,precio_venta,marca,modelo,puertas,plazas,cambio_id,maletero,km_actuales,caracteristicas,estado,disponible_id,combustible_id,concesionario_id,seguro_vehiculo_id) VALUES (340,1,'2382DGM',1075,7631,'OPEL (GM COMPANY)','GTC',5,6,1,489,48272,'Todoterreno','Leve desgaste',3,1,6,340);																			
INSERT INTO  vehiculos(id,oferta_id,matricula,precio_alquiler,precio_venta,marca,modelo,puertas,plazas,cambio_id,maletero,km_actuales,caracteristicas,estado,disponible_id,combustible_id,concesionario_id,seguro_vehiculo_id) VALUES (341,1,'0896CJD',1316,9277,'OPEL (GM COMPANY)','Mokka',5,3,1,611,22938,'Espacioso','Viejo',2,1,3,341);																			
INSERT INTO  vehiculos(id,oferta_id,matricula,precio_alquiler,precio_venta,marca,modelo,puertas,plazas,cambio_id,maletero,km_actuales,caracteristicas,estado,disponible_id,combustible_id,concesionario_id,seguro_vehiculo_id) VALUES (342,5,'5546KCN',546,24876,'OPEL (GM COMPANY)','Zafira',5,5,1,574,31614,'Silencioso','Un poco sucio',2,3,1,342);																			
INSERT INTO  vehiculos(id,oferta_id,matricula,precio_alquiler,precio_venta,marca,modelo,puertas,plazas,cambio_id,maletero,km_actuales,caracteristicas,estado,disponible_id,combustible_id,concesionario_id,seguro_vehiculo_id) VALUES (343,5,'6560CMD',1167,4924,'OPEL (GM COMPANY)','Crossland X',5,3,1,944,74967,'Baja emisión de CO2','Defectos menores',3,2,5,343);																			
INSERT INTO  vehiculos(id,oferta_id,matricula,precio_alquiler,precio_venta,marca,modelo,puertas,plazas,cambio_id,maletero,km_actuales,caracteristicas,estado,disponible_id,combustible_id,concesionario_id,seguro_vehiculo_id) VALUES (344,1,'6131HHK',596,28179,'OPEL (GM COMPANY)','Mokka X',3,2,1,251,66403,'Seguro y fiable','Casi sin uso',6,2,9,344);																			
INSERT INTO  vehiculos(id,oferta_id,matricula,precio_alquiler,precio_venta,marca,modelo,puertas,plazas,cambio_id,maletero,km_actuales,caracteristicas,estado,disponible_id,combustible_id,concesionario_id,seguro_vehiculo_id) VALUES (345,1,'4018MFB',1076,49095,'OPEL (GM COMPANY)','Grandland X',2,6,2,946,1335,'Con piloto automático','Nuevo',4,2,6,345);																			
INSERT INTO  vehiculos(id,oferta_id,matricula,precio_alquiler,precio_venta,marca,modelo,puertas,plazas,cambio_id,maletero,km_actuales,caracteristicas,estado,disponible_id,combustible_id,concesionario_id,seguro_vehiculo_id) VALUES (346,1,'5009KCB',737,61843,'OPEL (GM COMPANY)','Vivaro',3,3,2,638,50587,'Asientos de piel con calefacción','Muy desgastado',4,1,3,346);																			
INSERT INTO  vehiculos(id,oferta_id,matricula,precio_alquiler,precio_venta,marca,modelo,puertas,plazas,cambio_id,maletero,km_actuales,caracteristicas,estado,disponible_id,combustible_id,concesionario_id,seguro_vehiculo_id) VALUES (347,5,'3494CHB',776,23870,'PEUGOT','308',5,5,1,340,42099,'Con control por voz','Daños superficiales',3,2,7,347);																			
INSERT INTO  vehiculos(id,oferta_id,matricula,precio_alquiler,precio_venta,marca,modelo,puertas,plazas,cambio_id,maletero,km_actuales,caracteristicas,estado,disponible_id,combustible_id,concesionario_id,seguro_vehiculo_id) VALUES (348,5,'8636JMC',1263,4939,'PEUGOT','807',5,3,1,953,52724,'Veloz y bajo consumo','Leve desgaste',1,1,7,348);																			
INSERT INTO  vehiculos(id,oferta_id,matricula,precio_alquiler,precio_venta,marca,modelo,puertas,plazas,cambio_id,maletero,km_actuales,caracteristicas,estado,disponible_id,combustible_id,concesionario_id,seguro_vehiculo_id) VALUES (349,3,'1804KND',975,47812,'PEUGOT','Bipper',2,6,1,945,2039,'Bajo coste de mantenimiento','Viejo',1,1,1,349);																			
INSERT INTO  vehiculos(id,oferta_id,matricula,precio_alquiler,precio_venta,marca,modelo,puertas,plazas,cambio_id,maletero,km_actuales,caracteristicas,estado,disponible_id,combustible_id,concesionario_id,seguro_vehiculo_id) VALUES (350,4,'5726KCH',1217,28859,'PEUGOT','508',5,4,1,248,79670,'Cómodo y amplio','Un poco sucio',5,3,8,350);																			
INSERT INTO  vehiculos(id,oferta_id,matricula,precio_alquiler,precio_venta,marca,modelo,puertas,plazas,cambio_id,maletero,km_actuales,caracteristicas,estado,disponible_id,combustible_id,concesionario_id,seguro_vehiculo_id) VALUES (351,5,'5734JLF',1133,43996,'PEUGOT','Partner',3,5,1,928,35416,'Gran calidad de acabado','Defectos menores',5,2,5,351);																			
INSERT INTO  vehiculos(id,oferta_id,matricula,precio_alquiler,precio_venta,marca,modelo,puertas,plazas,cambio_id,maletero,km_actuales,caracteristicas,estado,disponible_id,combustible_id,concesionario_id,seguro_vehiculo_id) VALUES (352,5,'4336NLF',853,38649,'PEUGOT','3008',4,4,1,792,40800,'Bajo consumo y silencioso','Casi sin uso',4,3,6,352);																			
INSERT INTO  vehiculos(id,oferta_id,matricula,precio_alquiler,precio_venta,marca,modelo,puertas,plazas,cambio_id,maletero,km_actuales,caracteristicas,estado,disponible_id,combustible_id,concesionario_id,seguro_vehiculo_id) VALUES (353,3,'1435HKL',873,31118,'PEUGOT','208',4,5,1,813,198,'Respetuoso con el medio ambiente','Nuevo',1,2,7,353);																			
INSERT INTO  vehiculos(id,oferta_id,matricula,precio_alquiler,precio_venta,marca,modelo,puertas,plazas,cambio_id,maletero,km_actuales,caracteristicas,estado,disponible_id,combustible_id,concesionario_id,seguro_vehiculo_id) VALUES (354,4,'5783DKN',1022,56308,'PEUGOT','2008',4,5,1,607,15222,'Cómodo y seguro','Muy desgastado',5,2,5,354);																			
INSERT INTO  vehiculos(id,oferta_id,matricula,precio_alquiler,precio_venta,marca,modelo,puertas,plazas,cambio_id,maletero,km_actuales,caracteristicas,estado,disponible_id,combustible_id,concesionario_id,seguro_vehiculo_id) VALUES (355,5,'8810BJB',1345,59936,'PEUGOT','RCZ',4,2,1,805,42446,'Veloz y silencioso','Daños superficiales',6,1,6,355);																			
INSERT INTO  vehiculos(id,oferta_id,matricula,precio_alquiler,precio_venta,marca,modelo,puertas,plazas,cambio_id,maletero,km_actuales,caracteristicas,estado,disponible_id,combustible_id,concesionario_id,seguro_vehiculo_id) VALUES (356,2,'1578LNB',866,43440,'PEUGOT','5008',5,5,2,876,10895,'Con tracción 4x4','Leve desgaste',2,3,5,356);																			
INSERT INTO  vehiculos(id,oferta_id,matricula,precio_alquiler,precio_venta,marca,modelo,puertas,plazas,cambio_id,maletero,km_actuales,caracteristicas,estado,disponible_id,combustible_id,concesionario_id,seguro_vehiculo_id) VALUES (357,4,'7985MGG',1104,17539,'PEUGOT','4008',4,3,2,978,84772,'Todoterreno','Viejo',5,1,9,357);																			
INSERT INTO  vehiculos(id,oferta_id,matricula,precio_alquiler,precio_venta,marca,modelo,puertas,plazas,cambio_id,maletero,km_actuales,caracteristicas,estado,disponible_id,combustible_id,concesionario_id,seguro_vehiculo_id) VALUES (358,1,'1086GNC',826,17081,'PEUGOT','108',5,6,1,237,18696,'Espacioso','Un poco sucio',1,1,5,358);																			
INSERT INTO  vehiculos(id,oferta_id,matricula,precio_alquiler,precio_venta,marca,modelo,puertas,plazas,cambio_id,maletero,km_actuales,caracteristicas,estado,disponible_id,combustible_id,concesionario_id,seguro_vehiculo_id) VALUES (359,5,'5412KNN',1416,41318,'PEUGOT','207',5,6,1,529,77610,'Silencioso','Defectos menores',4,3,4,359);																			
INSERT INTO  vehiculos(id,oferta_id,matricula,precio_alquiler,precio_venta,marca,modelo,puertas,plazas,cambio_id,maletero,km_actuales,caracteristicas,estado,disponible_id,combustible_id,concesionario_id,seguro_vehiculo_id) VALUES (360,1,'0945DCL',638,7238,'PEUGOT','ion',5,4,2,757,17004,'Baja emisión de CO2','Casi sin uso',4,1,1,360);																			
INSERT INTO  vehiculos(id,oferta_id,matricula,precio_alquiler,precio_venta,marca,modelo,puertas,plazas,cambio_id,maletero,km_actuales,caracteristicas,estado,disponible_id,combustible_id,concesionario_id,seguro_vehiculo_id) VALUES (361,2,'7712KNG',1441,15026,'PEUGOT','Traveller',3,3,1,180,67872,'Seguro y fiable','Nuevo',3,3,8,361);																			
INSERT INTO  vehiculos(id,oferta_id,matricula,precio_alquiler,precio_venta,marca,modelo,puertas,plazas,cambio_id,maletero,km_actuales,caracteristicas,estado,disponible_id,combustible_id,concesionario_id,seguro_vehiculo_id) VALUES (362,1,'8193MJC',587,63114,'PORSCHE','911',3,4,1,184,78948,'Con piloto automático','Muy desgastado',3,2,3,362);																			
INSERT INTO  vehiculos(id,oferta_id,matricula,precio_alquiler,precio_venta,marca,modelo,puertas,plazas,cambio_id,maletero,km_actuales,caracteristicas,estado,disponible_id,combustible_id,concesionario_id,seguro_vehiculo_id) VALUES (363,4,'5366GBH',772,37736,'PORSCHE','Boxster',4,4,2,688,56961,'Asientos de piel con calefacción','Daños superficiales',3,1,10,363);																			
INSERT INTO  vehiculos(id,oferta_id,matricula,precio_alquiler,precio_venta,marca,modelo,puertas,plazas,cambio_id,maletero,km_actuales,caracteristicas,estado,disponible_id,combustible_id,concesionario_id,seguro_vehiculo_id) VALUES (364,4,'2624KDC',654,35871,'PORSCHE','Cayenne',3,4,2,706,81212,'Con control por voz','Leve desgaste',2,1,9,364);																			
INSERT INTO  vehiculos(id,oferta_id,matricula,precio_alquiler,precio_venta,marca,modelo,puertas,plazas,cambio_id,maletero,km_actuales,caracteristicas,estado,disponible_id,combustible_id,concesionario_id,seguro_vehiculo_id) VALUES (365,5,'6320GKK',1312,26626,'PORSCHE','Panamera',5,5,1,743,58569,'Veloz y bajo consumo','Viejo',5,1,4,365);																			
INSERT INTO  vehiculos(id,oferta_id,matricula,precio_alquiler,precio_venta,marca,modelo,puertas,plazas,cambio_id,maletero,km_actuales,caracteristicas,estado,disponible_id,combustible_id,concesionario_id,seguro_vehiculo_id) VALUES (366,2,'8520DLH',583,61274,'PORSCHE','918',2,4,2,396,40619,'Bajo coste de mantenimiento','Un poco sucio',1,1,6,366);																			
INSERT INTO  vehiculos(id,oferta_id,matricula,precio_alquiler,precio_venta,marca,modelo,puertas,plazas,cambio_id,maletero,km_actuales,caracteristicas,estado,disponible_id,combustible_id,concesionario_id,seguro_vehiculo_id) VALUES (367,4,'8684DFC',790,7114,'PORSCHE','Macan',3,5,1,757,79552,'Cómodo y amplio','Defectos menores',3,1,5,367);																			
INSERT INTO  vehiculos(id,oferta_id,matricula,precio_alquiler,precio_venta,marca,modelo,puertas,plazas,cambio_id,maletero,km_actuales,caracteristicas,estado,disponible_id,combustible_id,concesionario_id,seguro_vehiculo_id) VALUES (368,4,'4274DDM',716,39815,'PORSCHE','Cayman',2,3,1,533,41684,'Gran calidad de acabado','Casi sin uso',6,3,7,368);																			
INSERT INTO  vehiculos(id,oferta_id,matricula,precio_alquiler,precio_venta,marca,modelo,puertas,plazas,cambio_id,maletero,km_actuales,caracteristicas,estado,disponible_id,combustible_id,concesionario_id,seguro_vehiculo_id) VALUES (369,2,'6307CBC',1132,28864,'PORSCHE','718',5,3,2,347,73283,'Bajo consumo y silencioso','Nuevo',5,1,2,369);																			
INSERT INTO  vehiculos(id,oferta_id,matricula,precio_alquiler,precio_venta,marca,modelo,puertas,plazas,cambio_id,maletero,km_actuales,caracteristicas,estado,disponible_id,combustible_id,concesionario_id,seguro_vehiculo_id) VALUES (370,4,'3563BLL',896,57988,'RENAULT','Fluence',3,4,2,392,38927,'Respetuoso con el medio ambiente','Muy desgastado',2,1,7,370);																			
INSERT INTO  vehiculos(id,oferta_id,matricula,precio_alquiler,precio_venta,marca,modelo,puertas,plazas,cambio_id,maletero,km_actuales,caracteristicas,estado,disponible_id,combustible_id,concesionario_id,seguro_vehiculo_id) VALUES (371,1,'3064KFG',1024,59627,'RENAULT','Grand Scénic',5,4,2,363,24711,'Cómodo y seguro','Daños superficiales',3,2,9,371);																			
INSERT INTO  vehiculos(id,oferta_id,matricula,precio_alquiler,precio_venta,marca,modelo,puertas,plazas,cambio_id,maletero,km_actuales,caracteristicas,estado,disponible_id,combustible_id,concesionario_id,seguro_vehiculo_id) VALUES (372,2,'7944NHN',505,52653,'RENAULT','Latitude',4,3,2,1019,70423,'Veloz y silencioso','Leve desgaste',3,3,4,372);																			
INSERT INTO  vehiculos(id,oferta_id,matricula,precio_alquiler,precio_venta,marca,modelo,puertas,plazas,cambio_id,maletero,km_actuales,caracteristicas,estado,disponible_id,combustible_id,concesionario_id,seguro_vehiculo_id) VALUES (373,5,'3839FDB',573,37032,'RENAULT','Clio',2,3,1,593,42636,'Con tracción 4x4','Viejo',4,3,4,373);																			
INSERT INTO  vehiculos(id,oferta_id,matricula,precio_alquiler,precio_venta,marca,modelo,puertas,plazas,cambio_id,maletero,km_actuales,caracteristicas,estado,disponible_id,combustible_id,concesionario_id,seguro_vehiculo_id) VALUES (374,4,'4820GMD',943,66299,'RENAULT','Scénic',4,3,1,963,79148,'Todoterreno','Un poco sucio',5,1,10,374);																			
INSERT INTO  vehiculos(id,oferta_id,matricula,precio_alquiler,precio_venta,marca,modelo,puertas,plazas,cambio_id,maletero,km_actuales,caracteristicas,estado,disponible_id,combustible_id,concesionario_id,seguro_vehiculo_id) VALUES (375,4,'4344DCN',511,13021,'RENAULT','Laguna',2,3,1,794,37957,'Espacioso','Defectos menores',4,3,5,375);																			
INSERT INTO  vehiculos(id,oferta_id,matricula,precio_alquiler,precio_venta,marca,modelo,puertas,plazas,cambio_id,maletero,km_actuales,caracteristicas,estado,disponible_id,combustible_id,concesionario_id,seguro_vehiculo_id) VALUES (376,3,'7853FCB',985,33561,'RENAULT','Kangoo Combi',2,6,2,345,23397,'Silencioso','Casi sin uso',6,2,5,376);																			
INSERT INTO  vehiculos(id,oferta_id,matricula,precio_alquiler,precio_venta,marca,modelo,puertas,plazas,cambio_id,maletero,km_actuales,caracteristicas,estado,disponible_id,combustible_id,concesionario_id,seguro_vehiculo_id) VALUES (377,4,'6347NKG',870,51252,'RENAULT','Mégane',5,6,1,272,69906,'Baja emisión de CO2','Nuevo',3,2,2,377);																			
INSERT INTO  vehiculos(id,oferta_id,matricula,precio_alquiler,precio_venta,marca,modelo,puertas,plazas,cambio_id,maletero,km_actuales,caracteristicas,estado,disponible_id,combustible_id,concesionario_id,seguro_vehiculo_id) VALUES (378,5,'4143GCJ',753,18769,'RENAULT','Grand Kangoo Combi',3,6,2,853,57857,'Seguro y fiable','Muy desgastado',1,2,6,378);																			
INSERT INTO  vehiculos(id,oferta_id,matricula,precio_alquiler,precio_venta,marca,modelo,puertas,plazas,cambio_id,maletero,km_actuales,caracteristicas,estado,disponible_id,combustible_id,concesionario_id,seguro_vehiculo_id) VALUES (379,2,'2786GMD',751,21018,'RENAULT','Captur',5,6,2,537,76956,'Con piloto automático','Daños superficiales',1,3,3,379);																			
INSERT INTO  vehiculos(id,oferta_id,matricula,precio_alquiler,precio_venta,marca,modelo,puertas,plazas,cambio_id,maletero,km_actuales,caracteristicas,estado,disponible_id,combustible_id,concesionario_id,seguro_vehiculo_id) VALUES (380,4,'4503LGH',938,54910,'RENAULT','ZOE',4,3,2,590,32733,'Asientos de piel con calefacción','Leve desgaste',5,1,4,380);																			
INSERT INTO  vehiculos(id,oferta_id,matricula,precio_alquiler,precio_venta,marca,modelo,puertas,plazas,cambio_id,maletero,km_actuales,caracteristicas,estado,disponible_id,combustible_id,concesionario_id,seguro_vehiculo_id) VALUES (381,3,'9458CNB',1423,27149,'RENAULT','Koleos',3,5,2,429,13285,'Con control por voz','Viejo',1,3,7,381);																			
INSERT INTO  vehiculos(id,oferta_id,matricula,precio_alquiler,precio_venta,marca,modelo,puertas,plazas,cambio_id,maletero,km_actuales,caracteristicas,estado,disponible_id,combustible_id,concesionario_id,seguro_vehiculo_id) VALUES (382,3,'6768LDB',1152,54991,'RENAULT','Twingo',3,5,2,225,37675,'Veloz y bajo consumo','Un poco sucio',6,1,4,382);																			
INSERT INTO  vehiculos(id,oferta_id,matricula,precio_alquiler,precio_venta,marca,modelo,puertas,plazas,cambio_id,maletero,km_actuales,caracteristicas,estado,disponible_id,combustible_id,concesionario_id,seguro_vehiculo_id) VALUES (383,4,'4969LHJ',524,26510,'RENAULT','Espace',4,4,1,514,47883,'Bajo coste de mantenimiento','Defectos menores',2,1,7,383);																			
INSERT INTO  vehiculos(id,oferta_id,matricula,precio_alquiler,precio_venta,marca,modelo,puertas,plazas,cambio_id,maletero,km_actuales,caracteristicas,estado,disponible_id,combustible_id,concesionario_id,seguro_vehiculo_id) VALUES (384,4,'6686DFG',1308,58155,'RENAULT','Kadjar',5,6,1,343,17373,'Cómodo y amplio','Casi sin uso',1,3,1,384);																			
INSERT INTO  vehiculos(id,oferta_id,matricula,precio_alquiler,precio_venta,marca,modelo,puertas,plazas,cambio_id,maletero,km_actuales,caracteristicas,estado,disponible_id,combustible_id,concesionario_id,seguro_vehiculo_id) VALUES (385,5,'1098HFC',1310,23149,'RENAULT','Talisman',4,3,1,650,66970,'Gran calidad de acabado','Nuevo',2,2,1,385);																			
INSERT INTO  vehiculos(id,oferta_id,matricula,precio_alquiler,precio_venta,marca,modelo,puertas,plazas,cambio_id,maletero,km_actuales,caracteristicas,estado,disponible_id,combustible_id,concesionario_id,seguro_vehiculo_id) VALUES (386,5,'7503LCK',1420,43300,'ROLLS-ROYCE','Phantom',4,4,1,479,51055,'Bajo consumo y silencioso','Muy desgastado',6,1,10,386);																			
INSERT INTO  vehiculos(id,oferta_id,matricula,precio_alquiler,precio_venta,marca,modelo,puertas,plazas,cambio_id,maletero,km_actuales,caracteristicas,estado,disponible_id,combustible_id,concesionario_id,seguro_vehiculo_id) VALUES (387,2,'3815GHC',548,60151,'SEAT','Ibiza',4,5,1,242,56165,'Respetuoso con el medio ambiente','Daños superficiales',1,1,10,387);																			
INSERT INTO  vehiculos(id,oferta_id,matricula,precio_alquiler,precio_venta,marca,modelo,puertas,plazas,cambio_id,maletero,km_actuales,caracteristicas,estado,disponible_id,combustible_id,concesionario_id,seguro_vehiculo_id) VALUES (388,2,'8834MKM',1355,61884,'SEAT','Nuevo León',4,5,1,188,20926,'Cómodo y seguro','Leve desgaste',2,3,1,388);																			
INSERT INTO  vehiculos(id,oferta_id,matricula,precio_alquiler,precio_venta,marca,modelo,puertas,plazas,cambio_id,maletero,km_actuales,caracteristicas,estado,disponible_id,combustible_id,concesionario_id,seguro_vehiculo_id) VALUES (389,4,'7134LBK',877,23148,'SEAT','Alhambra',4,4,2,643,37438,'Veloz y silencioso','Viejo',5,3,7,389);																			
INSERT INTO  vehiculos(id,oferta_id,matricula,precio_alquiler,precio_venta,marca,modelo,puertas,plazas,cambio_id,maletero,km_actuales,caracteristicas,estado,disponible_id,combustible_id,concesionario_id,seguro_vehiculo_id) VALUES (390,3,'3769MKC',608,17017,'SEAT','Altea',5,5,1,191,19928,'Con tracción 4x4','Un poco sucio',5,2,6,390);																			
INSERT INTO  vehiculos(id,oferta_id,matricula,precio_alquiler,precio_venta,marca,modelo,puertas,plazas,cambio_id,maletero,km_actuales,caracteristicas,estado,disponible_id,combustible_id,concesionario_id,seguro_vehiculo_id) VALUES (391,2,'8594MJD',1048,6628,'SEAT','Mii',3,2,2,970,39293,'Todoterreno','Defectos menores',4,1,6,391);																			
INSERT INTO  vehiculos(id,oferta_id,matricula,precio_alquiler,precio_venta,marca,modelo,puertas,plazas,cambio_id,maletero,km_actuales,caracteristicas,estado,disponible_id,combustible_id,concesionario_id,seguro_vehiculo_id) VALUES (392,1,'0387HKH',1361,55942,'SEAT','Toledo',2,3,1,696,78458,'Espacioso','Casi sin uso',1,1,2,392);																			
INSERT INTO  vehiculos(id,oferta_id,matricula,precio_alquiler,precio_venta,marca,modelo,puertas,plazas,cambio_id,maletero,km_actuales,caracteristicas,estado,disponible_id,combustible_id,concesionario_id,seguro_vehiculo_id) VALUES (393,2,'6109GCJ',1304,7159,'SEAT','Altea XL',2,2,1,401,31998,'Silencioso','Nuevo',6,3,6,393);																			
INSERT INTO  vehiculos(id,oferta_id,matricula,precio_alquiler,precio_venta,marca,modelo,puertas,plazas,cambio_id,maletero,km_actuales,caracteristicas,estado,disponible_id,combustible_id,concesionario_id,seguro_vehiculo_id) VALUES (394,4,'6281KJF',702,50884,'SEAT','Ateca',2,6,1,544,8806,'Baja emisión de CO2','Muy desgastado',6,2,3,394);																			
INSERT INTO  vehiculos(id,oferta_id,matricula,precio_alquiler,precio_venta,marca,modelo,puertas,plazas,cambio_id,maletero,km_actuales,caracteristicas,estado,disponible_id,combustible_id,concesionario_id,seguro_vehiculo_id) VALUES (395,5,'7525HBJ',786,10979,'SEAT','León',5,5,1,986,14506,'Seguro y fiable','Daños superficiales',1,1,4,395);																			
INSERT INTO  vehiculos(id,oferta_id,matricula,precio_alquiler,precio_venta,marca,modelo,puertas,plazas,cambio_id,maletero,km_actuales,caracteristicas,estado,disponible_id,combustible_id,concesionario_id,seguro_vehiculo_id) VALUES (396,1,'8921FNN',944,61577,'SEAT','Nuevo Ibiza',2,3,1,270,21848,'Con piloto automático','Leve desgaste',2,1,7,396);																			
INSERT INTO  vehiculos(id,oferta_id,matricula,precio_alquiler,precio_venta,marca,modelo,puertas,plazas,cambio_id,maletero,km_actuales,caracteristicas,estado,disponible_id,combustible_id,concesionario_id,seguro_vehiculo_id) VALUES (397,5,'7708DCL',1369,49995,'SEAT','Arona',5,3,1,890,45243,'Asientos de piel con calefacción','Viejo',2,3,1,397);																			
INSERT INTO  vehiculos(id,oferta_id,matricula,precio_alquiler,precio_venta,marca,modelo,puertas,plazas,cambio_id,maletero,km_actuales,caracteristicas,estado,disponible_id,combustible_id,concesionario_id,seguro_vehiculo_id) VALUES (398,3,'4235NGD',976,35481,'SKODA','Octavia',2,6,2,351,50212,'Con control por voz','Un poco sucio',5,1,7,398);																			
INSERT INTO  vehiculos(id,oferta_id,matricula,precio_alquiler,precio_venta,marca,modelo,puertas,plazas,cambio_id,maletero,km_actuales,caracteristicas,estado,disponible_id,combustible_id,concesionario_id,seguro_vehiculo_id) VALUES (399,1,'6621NGK',947,5073,'SKODA','Fabia',2,4,1,604,198,'Veloz y bajo consumo','Defectos menores',2,1,8,399);																			
INSERT INTO  vehiculos(id,oferta_id,matricula,precio_alquiler,precio_venta,marca,modelo,puertas,plazas,cambio_id,maletero,km_actuales,caracteristicas,estado,disponible_id,combustible_id,concesionario_id,seguro_vehiculo_id) VALUES (400,3,'4020NMJ',890,47762,'SKODA','Roomster',3,4,1,699,30997,'Bajo coste de mantenimiento','Casi sin uso',2,1,9,400);																			
INSERT INTO  vehiculos(id,oferta_id,matricula,precio_alquiler,precio_venta,marca,modelo,puertas,plazas,cambio_id,maletero,km_actuales,caracteristicas,estado,disponible_id,combustible_id,concesionario_id,seguro_vehiculo_id) VALUES (401,1,'6557KKG',1294,5847,'SKODA','Yeti',4,4,2,275,46313,'Cómodo y amplio','Nuevo',4,1,6,401);																			
INSERT INTO  vehiculos(id,oferta_id,matricula,precio_alquiler,precio_venta,marca,modelo,puertas,plazas,cambio_id,maletero,km_actuales,caracteristicas,estado,disponible_id,combustible_id,concesionario_id,seguro_vehiculo_id) VALUES (402,3,'9961BML',1242,49134,'SKODA','Superb',4,3,2,470,16142,'Gran calidad de acabado','Muy desgastado',4,3,9,402);																			
INSERT INTO  vehiculos(id,oferta_id,matricula,precio_alquiler,precio_venta,marca,modelo,puertas,plazas,cambio_id,maletero,km_actuales,caracteristicas,estado,disponible_id,combustible_id,concesionario_id,seguro_vehiculo_id) VALUES (403,2,'7097GDF',1356,28472,'SKODA','Citigo',3,2,1,570,43730,'Bajo consumo y silencioso','Daños superficiales',6,3,3,403);																			
INSERT INTO  vehiculos(id,oferta_id,matricula,precio_alquiler,precio_venta,marca,modelo,puertas,plazas,cambio_id,maletero,km_actuales,caracteristicas,estado,disponible_id,combustible_id,concesionario_id,seguro_vehiculo_id) VALUES (404,2,'1017MJF',541,58857,'SKODA','Rapid',3,4,1,288,6511,'Respetuoso con el medio ambiente','Leve desgaste',6,3,2,404);																			
INSERT INTO  vehiculos(id,oferta_id,matricula,precio_alquiler,precio_venta,marca,modelo,puertas,plazas,cambio_id,maletero,km_actuales,caracteristicas,estado,disponible_id,combustible_id,concesionario_id,seguro_vehiculo_id) VALUES (405,4,'7309FJM',1359,7091,'SKODA','Spaceback',3,3,2,308,54712,'Cómodo y seguro','Viejo',3,2,7,405);																			
INSERT INTO  vehiculos(id,oferta_id,matricula,precio_alquiler,precio_venta,marca,modelo,puertas,plazas,cambio_id,maletero,km_actuales,caracteristicas,estado,disponible_id,combustible_id,concesionario_id,seguro_vehiculo_id) VALUES (406,2,'1843FCN',933,47889,'SKODA','Scout',4,4,1,286,83631,'Veloz y silencioso','Un poco sucio',3,1,10,406);																			
INSERT INTO  vehiculos(id,oferta_id,matricula,precio_alquiler,precio_venta,marca,modelo,puertas,plazas,cambio_id,maletero,km_actuales,caracteristicas,estado,disponible_id,combustible_id,concesionario_id,seguro_vehiculo_id) VALUES (407,4,'2118JGC',1221,48179,'SKODA','Kodiaq',4,4,2,633,59578,'Con tracción 4x4','Defectos menores',2,1,4,407);																			
INSERT INTO  vehiculos(id,oferta_id,matricula,precio_alquiler,precio_venta,marca,modelo,puertas,plazas,cambio_id,maletero,km_actuales,caracteristicas,estado,disponible_id,combustible_id,concesionario_id,seguro_vehiculo_id) VALUES (408,1,'9866BNJ',824,30288,'SKODA','Karoq',4,3,2,699,34469,'Todoterreno','Casi sin uso',4,3,1,408);																			
INSERT INTO  vehiculos(id,oferta_id,matricula,precio_alquiler,precio_venta,marca,modelo,puertas,plazas,cambio_id,maletero,km_actuales,caracteristicas,estado,disponible_id,combustible_id,concesionario_id,seguro_vehiculo_id) VALUES (409,2,'3802FCF',1033,42584,'SMART','fortwo',2,3,1,659,8187,'Espacioso','Nuevo',2,1,2,409);																			
INSERT INTO  vehiculos(id,oferta_id,matricula,precio_alquiler,precio_venta,marca,modelo,puertas,plazas,cambio_id,maletero,km_actuales,caracteristicas,estado,disponible_id,combustible_id,concesionario_id,seguro_vehiculo_id) VALUES (410,1,'1494FKB',1232,56191,'SMART','forfour',5,2,1,655,20422,'Silencioso','Muy desgastado',1,3,7,410);																			
INSERT INTO  vehiculos(id,oferta_id,matricula,precio_alquiler,precio_venta,marca,modelo,puertas,plazas,cambio_id,maletero,km_actuales,caracteristicas,estado,disponible_id,combustible_id,concesionario_id,seguro_vehiculo_id) VALUES (411,3,'8117BCM',573,31389,'SSANGYONG','Rexton',3,4,2,604,72894,'Baja emisión de CO2','Daños superficiales',3,3,1,411);																			
INSERT INTO  vehiculos(id,oferta_id,matricula,precio_alquiler,precio_venta,marca,modelo,puertas,plazas,cambio_id,maletero,km_actuales,caracteristicas,estado,disponible_id,combustible_id,concesionario_id,seguro_vehiculo_id) VALUES (412,5,'2790HNF',940,8096,'SSANGYONG','Rodius',5,5,2,224,8399,'Seguro y fiable','Leve desgaste',5,2,8,412);																			
INSERT INTO  vehiculos(id,oferta_id,matricula,precio_alquiler,precio_venta,marca,modelo,puertas,plazas,cambio_id,maletero,km_actuales,caracteristicas,estado,disponible_id,combustible_id,concesionario_id,seguro_vehiculo_id) VALUES (413,5,'6708FHC',501,44289,'SSANGYONG','Korando',3,6,2,738,58633,'Con piloto automático','Viejo',5,3,9,413);																			
INSERT INTO  vehiculos(id,oferta_id,matricula,precio_alquiler,precio_venta,marca,modelo,puertas,plazas,cambio_id,maletero,km_actuales,caracteristicas,estado,disponible_id,combustible_id,concesionario_id,seguro_vehiculo_id) VALUES (414,1,'7593GLJ',1167,52561,'SSANGYONG','Actyon Sports Pick Up',2,5,1,825,26551,'Asientos de piel con calefacción','Un poco sucio',2,1,4,414);																			
INSERT INTO  vehiculos(id,oferta_id,matricula,precio_alquiler,precio_venta,marca,modelo,puertas,plazas,cambio_id,maletero,km_actuales,caracteristicas,estado,disponible_id,combustible_id,concesionario_id,seguro_vehiculo_id) VALUES (415,4,'9589BGJ',952,33038,'SSANGYONG','Tivoli',3,5,2,188,17799,'Con control por voz','Defectos menores',5,2,6,415);																			
INSERT INTO  vehiculos(id,oferta_id,matricula,precio_alquiler,precio_venta,marca,modelo,puertas,plazas,cambio_id,maletero,km_actuales,caracteristicas,estado,disponible_id,combustible_id,concesionario_id,seguro_vehiculo_id) VALUES (416,4,'4596DML',1229,6356,'SSANGYONG','XLV',2,3,1,905,2535,'Veloz y bajo consumo','Casi sin uso',5,3,4,416);																			
INSERT INTO  vehiculos(id,oferta_id,matricula,precio_alquiler,precio_venta,marca,modelo,puertas,plazas,cambio_id,maletero,km_actuales,caracteristicas,estado,disponible_id,combustible_id,concesionario_id,seguro_vehiculo_id) VALUES (417,4,'5478KCD',945,42721,'SUBARU','Forester',5,5,2,167,36535,'Bajo coste de mantenimiento','Nuevo',6,3,8,417);																			
INSERT INTO  vehiculos(id,oferta_id,matricula,precio_alquiler,precio_venta,marca,modelo,puertas,plazas,cambio_id,maletero,km_actuales,caracteristicas,estado,disponible_id,combustible_id,concesionario_id,seguro_vehiculo_id) VALUES (418,1,'9233NGB',814,29297,'SUBARU','XV',5,2,1,356,9151,'Cómodo y amplio','Muy desgastado',4,1,1,418);																			
INSERT INTO  vehiculos(id,oferta_id,matricula,precio_alquiler,precio_venta,marca,modelo,puertas,plazas,cambio_id,maletero,km_actuales,caracteristicas,estado,disponible_id,combustible_id,concesionario_id,seguro_vehiculo_id) VALUES (419,1,'6786LJG',1218,45627,'SUBARU','Outback',3,5,2,729,44832,'Gran calidad de acabado','Daños superficiales',6,3,6,419);																			
INSERT INTO  vehiculos(id,oferta_id,matricula,precio_alquiler,precio_venta,marca,modelo,puertas,plazas,cambio_id,maletero,km_actuales,caracteristicas,estado,disponible_id,combustible_id,concesionario_id,seguro_vehiculo_id) VALUES (420,2,'7162HLN',1377,59690,'SUBARU','BRZ',5,2,1,258,37599,'Bajo consumo y silencioso','Leve desgaste',2,1,7,420);																			
INSERT INTO  vehiculos(id,oferta_id,matricula,precio_alquiler,precio_venta,marca,modelo,puertas,plazas,cambio_id,maletero,km_actuales,caracteristicas,estado,disponible_id,combustible_id,concesionario_id,seguro_vehiculo_id) VALUES (421,4,'8967KFH',1412,9651,'SUBARU','WRX STI',2,5,1,820,8425,'Respetuoso con el medio ambiente','Viejo',1,3,2,421);																			
INSERT INTO  vehiculos(id,oferta_id,matricula,precio_alquiler,precio_venta,marca,modelo,puertas,plazas,cambio_id,maletero,km_actuales,caracteristicas,estado,disponible_id,combustible_id,concesionario_id,seguro_vehiculo_id) VALUES (422,5,'5218MCK',843,62956,'SUBARU','Levorg',5,3,2,327,23827,'Cómodo y seguro','Un poco sucio',6,2,3,422);																			
INSERT INTO  vehiculos(id,oferta_id,matricula,precio_alquiler,precio_venta,marca,modelo,puertas,plazas,cambio_id,maletero,km_actuales,caracteristicas,estado,disponible_id,combustible_id,concesionario_id,seguro_vehiculo_id) VALUES (423,5,'9198JJD',849,51037,'SUBARU','WRX STI',4,3,1,254,13326,'Veloz y silencioso','Defectos menores',4,1,6,423);																			
INSERT INTO  vehiculos(id,oferta_id,matricula,precio_alquiler,precio_venta,marca,modelo,puertas,plazas,cambio_id,maletero,km_actuales,caracteristicas,estado,disponible_id,combustible_id,concesionario_id,seguro_vehiculo_id) VALUES (424,5,'0852KGG',1420,12022,'SUZUKI','Grand Vitara',2,5,2,378,46355,'Con tracción 4x4','Casi sin uso',5,2,7,424);																			
INSERT INTO  vehiculos(id,oferta_id,matricula,precio_alquiler,precio_venta,marca,modelo,puertas,plazas,cambio_id,maletero,km_actuales,caracteristicas,estado,disponible_id,combustible_id,concesionario_id,seguro_vehiculo_id) VALUES (425,1,'8429HDK',741,54520,'SUZUKI','Swift',4,5,2,666,3909,'Todoterreno','Nuevo',1,3,7,425);																			
INSERT INTO  vehiculos(id,oferta_id,matricula,precio_alquiler,precio_venta,marca,modelo,puertas,plazas,cambio_id,maletero,km_actuales,caracteristicas,estado,disponible_id,combustible_id,concesionario_id,seguro_vehiculo_id) VALUES (426,3,'7438KDM',1003,47014,'SUZUKI','SX4',3,4,1,363,34949,'Espacioso','Muy desgastado',4,1,1,426);																			
INSERT INTO  vehiculos(id,oferta_id,matricula,precio_alquiler,precio_venta,marca,modelo,puertas,plazas,cambio_id,maletero,km_actuales,caracteristicas,estado,disponible_id,combustible_id,concesionario_id,seguro_vehiculo_id) VALUES (427,4,'7916BJH',1012,49652,'SUZUKI','Jimny',4,4,2,618,62664,'Silencioso','Daños superficiales',4,1,3,427);																			
INSERT INTO  vehiculos(id,oferta_id,matricula,precio_alquiler,precio_venta,marca,modelo,puertas,plazas,cambio_id,maletero,km_actuales,caracteristicas,estado,disponible_id,combustible_id,concesionario_id,seguro_vehiculo_id) VALUES (428,4,'0265LHF',1188,27602,'SUZUKI','SX4 S-Cross',5,6,1,757,58339,'Baja emisión de CO2','Leve desgaste',1,3,5,428);																			
INSERT INTO  vehiculos(id,oferta_id,matricula,precio_alquiler,precio_venta,marca,modelo,puertas,plazas,cambio_id,maletero,km_actuales,caracteristicas,estado,disponible_id,combustible_id,concesionario_id,seguro_vehiculo_id) VALUES (429,2,'5625NNN',1096,15596,'SUZUKI','Celerio',4,4,1,458,63199,'Seguro y fiable','Viejo',2,2,4,429);																			
INSERT INTO  vehiculos(id,oferta_id,matricula,precio_alquiler,precio_venta,marca,modelo,puertas,plazas,cambio_id,maletero,km_actuales,caracteristicas,estado,disponible_id,combustible_id,concesionario_id,seguro_vehiculo_id) VALUES (430,4,'8203FGF',878,23466,'SUZUKI','Kizashi',4,4,1,416,48409,'Con piloto automático','Un poco sucio',2,1,9,430);																			
INSERT INTO  vehiculos(id,oferta_id,matricula,precio_alquiler,precio_venta,marca,modelo,puertas,plazas,cambio_id,maletero,km_actuales,caracteristicas,estado,disponible_id,combustible_id,concesionario_id,seguro_vehiculo_id) VALUES (431,4,'2685BDM',1316,38475,'SUZUKI','Vitara',2,3,1,884,14346,'Asientos de piel con calefacción','Defectos menores',2,1,3,431);																			
INSERT INTO  vehiculos(id,oferta_id,matricula,precio_alquiler,precio_venta,marca,modelo,puertas,plazas,cambio_id,maletero,km_actuales,caracteristicas,estado,disponible_id,combustible_id,concesionario_id,seguro_vehiculo_id) VALUES (432,5,'2498LNM',1271,25817,'SUZUKI','Baleno',3,4,1,392,14816,'Con control por voz','Casi sin uso',3,3,6,432);																			
INSERT INTO  vehiculos(id,oferta_id,matricula,precio_alquiler,precio_venta,marca,modelo,puertas,plazas,cambio_id,maletero,km_actuales,caracteristicas,estado,disponible_id,combustible_id,concesionario_id,seguro_vehiculo_id) VALUES (433,1,'2333JFC',1409,10894,'SUZUKI','Ignis',2,6,1,196,49951,'Veloz y bajo consumo','Nuevo',3,2,6,433);																			
INSERT INTO  vehiculos(id,oferta_id,matricula,precio_alquiler,precio_venta,marca,modelo,puertas,plazas,cambio_id,maletero,km_actuales,caracteristicas,estado,disponible_id,combustible_id,concesionario_id,seguro_vehiculo_id) VALUES (434,4,'1526FBC',811,66040,'TATA','Xenon',4,2,2,243,4243,'Bajo coste de mantenimiento','Muy desgastado',5,1,8,434);																			
INSERT INTO  vehiculos(id,oferta_id,matricula,precio_alquiler,precio_venta,marca,modelo,puertas,plazas,cambio_id,maletero,km_actuales,caracteristicas,estado,disponible_id,combustible_id,concesionario_id,seguro_vehiculo_id) VALUES (435,5,'1300CCM',866,36309,'TATA','Aria',3,4,2,251,55028,'Cómodo y amplio','Daños superficiales',5,2,9,435);																			
INSERT INTO  vehiculos(id,oferta_id,matricula,precio_alquiler,precio_venta,marca,modelo,puertas,plazas,cambio_id,maletero,km_actuales,caracteristicas,estado,disponible_id,combustible_id,concesionario_id,seguro_vehiculo_id) VALUES (436,5,'8390FNL',1384,6506,'TATA','Vista',5,2,2,428,13378,'Gran calidad de acabado','Leve desgaste',6,2,7,436);																			
INSERT INTO  vehiculos(id,oferta_id,matricula,precio_alquiler,precio_venta,marca,modelo,puertas,plazas,cambio_id,maletero,km_actuales,caracteristicas,estado,disponible_id,combustible_id,concesionario_id,seguro_vehiculo_id) VALUES (437,1,'1956DCF',1379,32093,'TESLA','Model X',3,3,2,505,59980,'Bajo consumo y silencioso','Viejo',6,3,4,437);																			
INSERT INTO  vehiculos(id,oferta_id,matricula,precio_alquiler,precio_venta,marca,modelo,puertas,plazas,cambio_id,maletero,km_actuales,caracteristicas,estado,disponible_id,combustible_id,concesionario_id,seguro_vehiculo_id) VALUES (438,1,'4540JKF',1061,27803,'TESLA','Model S',2,4,1,783,15973,'Respetuoso con el medio ambiente','Un poco sucio',1,3,3,438);																			
INSERT INTO  vehiculos(id,oferta_id,matricula,precio_alquiler,precio_venta,marca,modelo,puertas,plazas,cambio_id,maletero,km_actuales,caracteristicas,estado,disponible_id,combustible_id,concesionario_id,seguro_vehiculo_id) VALUES (439,3,'5994GML',978,60298,'TOYOTA','Avensis',5,6,2,742,207,'Cómodo y seguro','Defectos menores',1,3,4,439);																			
INSERT INTO  vehiculos(id,oferta_id,matricula,precio_alquiler,precio_venta,marca,modelo,puertas,plazas,cambio_id,maletero,km_actuales,caracteristicas,estado,disponible_id,combustible_id,concesionario_id,seguro_vehiculo_id) VALUES (440,2,'5864MJN',946,56865,'TOYOTA','Land Cruiser',2,5,2,349,10331,'Veloz y silencioso','Casi sin uso',6,3,1,440);																			
INSERT INTO  vehiculos(id,oferta_id,matricula,precio_alquiler,precio_venta,marca,modelo,puertas,plazas,cambio_id,maletero,km_actuales,caracteristicas,estado,disponible_id,combustible_id,concesionario_id,seguro_vehiculo_id) VALUES (441,5,'1672BJF',760,22437,'TOYOTA','Yaris',3,6,1,899,53330,'Con tracción 4x4','Nuevo',2,1,8,441);																			
INSERT INTO  vehiculos(id,oferta_id,matricula,precio_alquiler,precio_venta,marca,modelo,puertas,plazas,cambio_id,maletero,km_actuales,caracteristicas,estado,disponible_id,combustible_id,concesionario_id,seguro_vehiculo_id) VALUES (442,3,'1072GNH',867,32634,'TOYOTA','Verso',3,2,2,185,34537,'Todoterreno','Muy desgastado',6,1,1,442);																			
INSERT INTO  vehiculos(id,oferta_id,matricula,precio_alquiler,precio_venta,marca,modelo,puertas,plazas,cambio_id,maletero,km_actuales,caracteristicas,estado,disponible_id,combustible_id,concesionario_id,seguro_vehiculo_id) VALUES (443,2,'2186CDM',894,18729,'TOYOTA','Auris',4,5,1,1025,60798,'Espacioso','Daños superficiales',5,2,8,443);																			
INSERT INTO  vehiculos(id,oferta_id,matricula,precio_alquiler,precio_venta,marca,modelo,puertas,plazas,cambio_id,maletero,km_actuales,caracteristicas,estado,disponible_id,combustible_id,concesionario_id,seguro_vehiculo_id) VALUES (444,2,'2800DJB',1070,24673,'TOYOTA','Prius+',3,4,2,677,44054,'Silencioso','Leve desgaste',6,3,8,444);																			
INSERT INTO  vehiculos(id,oferta_id,matricula,precio_alquiler,precio_venta,marca,modelo,puertas,plazas,cambio_id,maletero,km_actuales,caracteristicas,estado,disponible_id,combustible_id,concesionario_id,seguro_vehiculo_id) VALUES (445,4,'3047NGN',769,23345,'TOYOTA','GT86',4,3,2,826,73836,'Baja emisión de CO2','Viejo',3,2,7,445);																			
INSERT INTO  vehiculos(id,oferta_id,matricula,precio_alquiler,precio_venta,marca,modelo,puertas,plazas,cambio_id,maletero,km_actuales,caracteristicas,estado,disponible_id,combustible_id,concesionario_id,seguro_vehiculo_id) VALUES (446,3,'0532LCK',1127,34549,'TOYOTA','Prius',4,4,1,877,335,'Seguro y fiable','Un poco sucio',4,1,1,446);																			
INSERT INTO  vehiculos(id,oferta_id,matricula,precio_alquiler,precio_venta,marca,modelo,puertas,plazas,cambio_id,maletero,km_actuales,caracteristicas,estado,disponible_id,combustible_id,concesionario_id,seguro_vehiculo_id) VALUES (447,4,'1767BJH',1279,45057,'TOYOTA','Rav4',2,6,2,563,34555,'Con piloto automático','Defectos menores',2,2,4,447);																			
INSERT INTO  vehiculos(id,oferta_id,matricula,precio_alquiler,precio_venta,marca,modelo,puertas,plazas,cambio_id,maletero,km_actuales,caracteristicas,estado,disponible_id,combustible_id,concesionario_id,seguro_vehiculo_id) VALUES (448,2,'6639KKJ',609,35166,'TOYOTA','Aygo',2,4,1,743,83400,'Asientos de piel con calefacción','Casi sin uso',2,1,9,448);																			
INSERT INTO  vehiculos(id,oferta_id,matricula,precio_alquiler,precio_venta,marca,modelo,puertas,plazas,cambio_id,maletero,km_actuales,caracteristicas,estado,disponible_id,combustible_id,concesionario_id,seguro_vehiculo_id) VALUES (449,3,'5211JJL',1316,48545,'TOYOTA','Hilux',2,3,1,625,29706,'Con control por voz','Nuevo',2,1,2,449);																			
INSERT INTO  vehiculos(id,oferta_id,matricula,precio_alquiler,precio_venta,marca,modelo,puertas,plazas,cambio_id,maletero,km_actuales,caracteristicas,estado,disponible_id,combustible_id,concesionario_id,seguro_vehiculo_id) VALUES (450,3,'8359CDF',1073,21020,'TOYOTA','Land Cruiser 200',5,6,2,805,44086,'Veloz y bajo consumo','Muy desgastado',1,2,3,450);																			
INSERT INTO  vehiculos(id,oferta_id,matricula,precio_alquiler,precio_venta,marca,modelo,puertas,plazas,cambio_id,maletero,km_actuales,caracteristicas,estado,disponible_id,combustible_id,concesionario_id,seguro_vehiculo_id) VALUES (451,4,'5183LGM',1004,44091,'TOYOTA','Proace Verso',3,4,1,802,18788,'Bajo coste de mantenimiento','Daños superficiales',6,2,8,451);																			
INSERT INTO  vehiculos(id,oferta_id,matricula,precio_alquiler,precio_venta,marca,modelo,puertas,plazas,cambio_id,maletero,km_actuales,caracteristicas,estado,disponible_id,combustible_id,concesionario_id,seguro_vehiculo_id) VALUES (452,1,'6278CLB',1441,53772,'TOYOTA','C-HR',5,5,2,293,28747,'Cómodo y amplio','Leve desgaste',2,1,6,452);																			
INSERT INTO  vehiculos(id,oferta_id,matricula,precio_alquiler,precio_venta,marca,modelo,puertas,plazas,cambio_id,maletero,km_actuales,caracteristicas,estado,disponible_id,combustible_id,concesionario_id,seguro_vehiculo_id) VALUES (453,2,'8356GGC',1322,64692,'VOLKSWAGEN','Polo',5,2,2,512,31210,'Gran calidad de acabado','Viejo',3,3,1,453);																			
INSERT INTO  vehiculos(id,oferta_id,matricula,precio_alquiler,precio_venta,marca,modelo,puertas,plazas,cambio_id,maletero,km_actuales,caracteristicas,estado,disponible_id,combustible_id,concesionario_id,seguro_vehiculo_id) VALUES (454,4,'0265JJB',1211,17301,'VOLKSWAGEN','Jetta',5,3,2,808,81994,'Bajo consumo y silencioso','Un poco sucio',6,1,10,454);																			
INSERT INTO  vehiculos(id,oferta_id,matricula,precio_alquiler,precio_venta,marca,modelo,puertas,plazas,cambio_id,maletero,km_actuales,caracteristicas,estado,disponible_id,combustible_id,concesionario_id,seguro_vehiculo_id) VALUES (455,2,'1172LBJ',1408,6740,'VOLKSWAGEN','Phaeton',4,6,1,388,21700,'Respetuoso con el medio ambiente','Defectos menores',1,3,2,455);																			
INSERT INTO  vehiculos(id,oferta_id,matricula,precio_alquiler,precio_venta,marca,modelo,puertas,plazas,cambio_id,maletero,km_actuales,caracteristicas,estado,disponible_id,combustible_id,concesionario_id,seguro_vehiculo_id) VALUES (456,3,'1203HLJ',1131,61910,'VOLKSWAGEN','Golf',3,6,2,291,58633,'Cómodo y seguro','Casi sin uso',6,2,7,456);																			
INSERT INTO  vehiculos(id,oferta_id,matricula,precio_alquiler,precio_venta,marca,modelo,puertas,plazas,cambio_id,maletero,km_actuales,caracteristicas,estado,disponible_id,combustible_id,concesionario_id,seguro_vehiculo_id) VALUES (457,5,'5195HGC',642,38286,'VOLKSWAGEN','TouranTouran',2,2,2,467,28792,'Veloz y silencioso','Nuevo',6,3,10,457);																			
INSERT INTO  vehiculos(id,oferta_id,matricula,precio_alquiler,precio_venta,marca,modelo,puertas,plazas,cambio_id,maletero,km_actuales,caracteristicas,estado,disponible_id,combustible_id,concesionario_id,seguro_vehiculo_id) VALUES (458,5,'9009GBC',654,10074,'VOLKSWAGEN','Touareg',4,6,1,819,14310,'Con tracción 4x4','Muy desgastado',4,1,9,458);																			
INSERT INTO  vehiculos(id,oferta_id,matricula,precio_alquiler,precio_venta,marca,modelo,puertas,plazas,cambio_id,maletero,km_actuales,caracteristicas,estado,disponible_id,combustible_id,concesionario_id,seguro_vehiculo_id) VALUES (459,2,'3532KNM',923,62720,'VOLKSWAGEN','Beetle',3,6,1,909,51138,'Todoterreno','Daños superficiales',4,3,10,459);																			
INSERT INTO  vehiculos(id,oferta_id,matricula,precio_alquiler,precio_venta,marca,modelo,puertas,plazas,cambio_id,maletero,km_actuales,caracteristicas,estado,disponible_id,combustible_id,concesionario_id,seguro_vehiculo_id) VALUES (460,4,'5505LBH',1150,51462,'VOLKSWAGEN','Sharan',4,5,1,699,3787,'Espacioso','Leve desgaste',4,2,1,460);																			
INSERT INTO  vehiculos(id,oferta_id,matricula,precio_alquiler,precio_venta,marca,modelo,puertas,plazas,cambio_id,maletero,km_actuales,caracteristicas,estado,disponible_id,combustible_id,concesionario_id,seguro_vehiculo_id) VALUES (461,5,'3999HKM',636,60211,'VOLKSWAGEN','Tiguan',4,2,1,478,40922,'Silencioso','Viejo',6,2,5,461);																			
INSERT INTO  vehiculos(id,oferta_id,matricula,precio_alquiler,precio_venta,marca,modelo,puertas,plazas,cambio_id,maletero,km_actuales,caracteristicas,estado,disponible_id,combustible_id,concesionario_id,seguro_vehiculo_id) VALUES (462,5,'9775HHB',1230,53765,'VOLKSWAGEN','Multivan',4,3,1,490,3469,'Baja emisión de CO2','Un poco sucio',5,3,7,462);																			
INSERT INTO  vehiculos(id,oferta_id,matricula,precio_alquiler,precio_venta,marca,modelo,puertas,plazas,cambio_id,maletero,km_actuales,caracteristicas,estado,disponible_id,combustible_id,concesionario_id,seguro_vehiculo_id) VALUES (463,4,'4804FJG',1413,44206,'VOLKSWAGEN','California',4,5,1,680,53369,'Seguro y fiable','Defectos menores',4,3,5,463);																			
INSERT INTO  vehiculos(id,oferta_id,matricula,precio_alquiler,precio_venta,marca,modelo,puertas,plazas,cambio_id,maletero,km_actuales,caracteristicas,estado,disponible_id,combustible_id,concesionario_id,seguro_vehiculo_id) VALUES (464,5,'8587FGM',1439,35309,'VOLKSWAGEN','Caravelle',3,4,2,655,1124,'Con piloto automático','Casi sin uso',3,1,4,464);																			
INSERT INTO  vehiculos(id,oferta_id,matricula,precio_alquiler,precio_venta,marca,modelo,puertas,plazas,cambio_id,maletero,km_actuales,caracteristicas,estado,disponible_id,combustible_id,concesionario_id,seguro_vehiculo_id) VALUES (465,4,'7625DDG',1205,43816,'VOLKSWAGEN','up!',5,4,1,889,66311,'Asientos de piel con calefacción','Nuevo',4,2,8,465);																			
INSERT INTO  vehiculos(id,oferta_id,matricula,precio_alquiler,precio_venta,marca,modelo,puertas,plazas,cambio_id,maletero,km_actuales,caracteristicas,estado,disponible_id,combustible_id,concesionario_id,seguro_vehiculo_id) VALUES (466,2,'5161JFF',1417,52961,'VOLKSWAGEN','CC',5,5,1,316,68977,'Con control por voz','Muy desgastado',1,2,3,466);																			
INSERT INTO  vehiculos(id,oferta_id,matricula,precio_alquiler,precio_venta,marca,modelo,puertas,plazas,cambio_id,maletero,km_actuales,caracteristicas,estado,disponible_id,combustible_id,concesionario_id,seguro_vehiculo_id) VALUES (467,2,'6241DCK',616,7197,'VOLKSWAGEN','Golf Sportsvan',2,2,1,210,5959,'Veloz y bajo consumo','Daños superficiales',1,3,1,467);																			
INSERT INTO  vehiculos(id,oferta_id,matricula,precio_alquiler,precio_venta,marca,modelo,puertas,plazas,cambio_id,maletero,km_actuales,caracteristicas,estado,disponible_id,combustible_id,concesionario_id,seguro_vehiculo_id) VALUES (468,1,'7490NCB',1040,5531,'VOLKSWAGEN','Amarok',2,3,1,166,70116,'Bajo coste de mantenimiento','Leve desgaste',2,2,1,468);																			
INSERT INTO  vehiculos(id,oferta_id,matricula,precio_alquiler,precio_venta,marca,modelo,puertas,plazas,cambio_id,maletero,km_actuales,caracteristicas,estado,disponible_id,combustible_id,concesionario_id,seguro_vehiculo_id) VALUES (469,4,'0362NHK',780,41388,'VOLKSWAGEN','Caddy',5,5,1,416,3027,'Cómodo y amplio','Viejo',1,2,2,469);																			
INSERT INTO  vehiculos(id,oferta_id,matricula,precio_alquiler,precio_venta,marca,modelo,puertas,plazas,cambio_id,maletero,km_actuales,caracteristicas,estado,disponible_id,combustible_id,concesionario_id,seguro_vehiculo_id) VALUES (470,5,'8541JKG',810,66994,'VOLKSWAGEN','Transporter',4,4,2,823,27693,'Gran calidad de acabado','Un poco sucio',5,3,2,470);																			
INSERT INTO  vehiculos(id,oferta_id,matricula,precio_alquiler,precio_venta,marca,modelo,puertas,plazas,cambio_id,maletero,km_actuales,caracteristicas,estado,disponible_id,combustible_id,concesionario_id,seguro_vehiculo_id) VALUES (471,1,'1133MCC',1155,18822,'VOLKSWAGEN','Scirocco',3,6,2,574,37729,'Bajo consumo y silencioso','Defectos menores',4,1,2,471);																			
INSERT INTO  vehiculos(id,oferta_id,matricula,precio_alquiler,precio_venta,marca,modelo,puertas,plazas,cambio_id,maletero,km_actuales,caracteristicas,estado,disponible_id,combustible_id,concesionario_id,seguro_vehiculo_id) VALUES (472,3,'7926FJK',1144,20854,'VOLKSWAGEN','Passat',2,2,1,959,41647,'Respetuoso con el medio ambiente','Casi sin uso',2,3,7,472);																			
INSERT INTO  vehiculos(id,oferta_id,matricula,precio_alquiler,precio_venta,marca,modelo,puertas,plazas,cambio_id,maletero,km_actuales,caracteristicas,estado,disponible_id,combustible_id,concesionario_id,seguro_vehiculo_id) VALUES (473,1,'2050NLF',899,39144,'VOLKSWAGEN','Eos',2,3,1,677,60931,'Cómodo y seguro','Nuevo',3,2,6,473);																			
INSERT INTO  vehiculos(id,oferta_id,matricula,precio_alquiler,precio_venta,marca,modelo,puertas,plazas,cambio_id,maletero,km_actuales,caracteristicas,estado,disponible_id,combustible_id,concesionario_id,seguro_vehiculo_id) VALUES (474,4,'0613MLC',1366,59821,'VOLKSWAGEN','Arteon',4,3,1,508,51208,'Veloz y silencioso','Muy desgastado',3,1,4,474);																			
INSERT INTO  vehiculos(id,oferta_id,matricula,precio_alquiler,precio_venta,marca,modelo,puertas,plazas,cambio_id,maletero,km_actuales,caracteristicas,estado,disponible_id,combustible_id,concesionario_id,seguro_vehiculo_id) VALUES (475,4,'5851KFC',830,60652,'VOLKSWAGEN','T-Roc',4,6,2,654,44158,'Con tracción 4x4','Daños superficiales',1,1,8,475);																			
INSERT INTO  vehiculos(id,oferta_id,matricula,precio_alquiler,precio_venta,marca,modelo,puertas,plazas,cambio_id,maletero,km_actuales,caracteristicas,estado,disponible_id,combustible_id,concesionario_id,seguro_vehiculo_id) VALUES (476,2,'9806CDN',1096,19580,'VOLKSWAGEN','Tiguan Allspace',3,5,1,722,28880,'Todoterreno','Leve desgaste',5,1,1,476);																			
INSERT INTO  vehiculos(id,oferta_id,matricula,precio_alquiler,precio_venta,marca,modelo,puertas,plazas,cambio_id,maletero,km_actuales,caracteristicas,estado,disponible_id,combustible_id,concesionario_id,seguro_vehiculo_id) VALUES (477,1,'2966BMG',1180,50652,'VOLVO','V70',5,6,2,806,75883,'Espacioso','Viejo',2,1,6,477);																			
INSERT INTO  vehiculos(id,oferta_id,matricula,precio_alquiler,precio_venta,marca,modelo,puertas,plazas,cambio_id,maletero,km_actuales,caracteristicas,estado,disponible_id,combustible_id,concesionario_id,seguro_vehiculo_id) VALUES (478,3,'4887DMM',628,65034,'VOLVO','S80',3,3,2,578,72861,'Silencioso','Un poco sucio',6,1,2,478);																			
INSERT INTO  vehiculos(id,oferta_id,matricula,precio_alquiler,precio_venta,marca,modelo,puertas,plazas,cambio_id,maletero,km_actuales,caracteristicas,estado,disponible_id,combustible_id,concesionario_id,seguro_vehiculo_id) VALUES (479,5,'7468CLG',963,7766,'VOLVO','XC70',4,2,2,368,40631,'Baja emisión de CO2','Defectos menores',1,2,3,479);																			
INSERT INTO  vehiculos(id,oferta_id,matricula,precio_alquiler,precio_venta,marca,modelo,puertas,plazas,cambio_id,maletero,km_actuales,caracteristicas,estado,disponible_id,combustible_id,concesionario_id,seguro_vehiculo_id) VALUES (480,5,'6512KHH',995,43459,'VOLVO','V60',4,4,2,573,28646,'Seguro y fiable','Casi sin uso',3,2,2,480);																			
INSERT INTO  vehiculos(id,oferta_id,matricula,precio_alquiler,precio_venta,marca,modelo,puertas,plazas,cambio_id,maletero,km_actuales,caracteristicas,estado,disponible_id,combustible_id,concesionario_id,seguro_vehiculo_id) VALUES (481,2,'5674NDD',759,5272,'VOLVO','S60',2,2,2,842,1400,'Con piloto automático','Nuevo',4,1,10,481);																			
INSERT INTO  vehiculos(id,oferta_id,matricula,precio_alquiler,precio_venta,marca,modelo,puertas,plazas,cambio_id,maletero,km_actuales,caracteristicas,estado,disponible_id,combustible_id,concesionario_id,seguro_vehiculo_id) VALUES (482,4,'3506GMG',1279,26886,'VOLVO','XC90',2,5,2,482,59690,'Asientos de piel con calefacción','Muy desgastado',2,1,2,482);																			
INSERT INTO  vehiculos(id,oferta_id,matricula,precio_alquiler,precio_venta,marca,modelo,puertas,plazas,cambio_id,maletero,km_actuales,caracteristicas,estado,disponible_id,combustible_id,concesionario_id,seguro_vehiculo_id) VALUES (483,2,'2509DMK',1171,7468,'VOLVO','XC60',3,3,1,714,55265,'Con control por voz','Daños superficiales',6,2,5,483);																			
INSERT INTO  vehiculos(id,oferta_id,matricula,precio_alquiler,precio_venta,marca,modelo,puertas,plazas,cambio_id,maletero,km_actuales,caracteristicas,estado,disponible_id,combustible_id,concesionario_id,seguro_vehiculo_id) VALUES (484,1,'5507GDG',587,41954,'VOLVO','V40',4,4,1,569,32774,'Veloz y bajo consumo','Leve desgaste',2,2,7,484);																			
INSERT INTO  vehiculos(id,oferta_id,matricula,precio_alquiler,precio_venta,marca,modelo,puertas,plazas,cambio_id,maletero,km_actuales,caracteristicas,estado,disponible_id,combustible_id,concesionario_id,seguro_vehiculo_id) VALUES (485,1,'8298LJL',1161,21026,'VOLVO','V40 Cross Country',5,5,2,759,28746,'Bajo coste de mantenimiento','Viejo',3,2,7,485);																			
INSERT INTO  vehiculos(id,oferta_id,matricula,precio_alquiler,precio_venta,marca,modelo,puertas,plazas,cambio_id,maletero,km_actuales,caracteristicas,estado,disponible_id,combustible_id,concesionario_id,seguro_vehiculo_id) VALUES (486,4,'4831MCH',883,12940,'VOLVO','V60 Cross Country',5,2,1,392,16154,'Cómodo y amplio','Un poco sucio',3,1,7,486);																			
INSERT INTO  vehiculos(id,oferta_id,matricula,precio_alquiler,precio_venta,marca,modelo,puertas,plazas,cambio_id,maletero,km_actuales,caracteristicas,estado,disponible_id,combustible_id,concesionario_id,seguro_vehiculo_id) VALUES (487,4,'0829JCD',552,29067,'VOLVO','S60 Cross Country',5,4,2,705,34265,'Gran calidad de acabado','Defectos menores',2,2,10,487);																			
INSERT INTO  vehiculos(id,oferta_id,matricula,precio_alquiler,precio_venta,marca,modelo,puertas,plazas,cambio_id,maletero,km_actuales,caracteristicas,estado,disponible_id,combustible_id,concesionario_id,seguro_vehiculo_id) VALUES (488,3,'0648HMC',1279,34762,'VOLVO','S90',4,5,2,449,42919,'Bajo consumo y silencioso','Casi sin uso',5,2,1,488);																			
INSERT INTO  vehiculos(id,oferta_id,matricula,precio_alquiler,precio_venta,marca,modelo,puertas,plazas,cambio_id,maletero,km_actuales,caracteristicas,estado,disponible_id,combustible_id,concesionario_id,seguro_vehiculo_id) VALUES (489,1,'5697NDH',741,7123,'VOLVO','V90',2,3,1,208,83664,'Respetuoso con el medio ambiente','Nuevo',5,3,3,489);																			
INSERT INTO  vehiculos(id,oferta_id,matricula,precio_alquiler,precio_venta,marca,modelo,puertas,plazas,cambio_id,maletero,km_actuales,caracteristicas,estado,disponible_id,combustible_id,concesionario_id,seguro_vehiculo_id) VALUES (490,2,'2969LGD',939,20855,'VOLVO','V90 Cross Country',3,4,2,739,17800,'Cómodo y seguro','Muy desgastado',1,3,1,490);																			
INSERT INTO  vehiculos(id,oferta_id,matricula,precio_alquiler,precio_venta,marca,modelo,puertas,plazas,cambio_id,maletero,km_actuales,caracteristicas,estado,disponible_id,combustible_id,concesionario_id,seguro_vehiculo_id) VALUES (491,3,'7350BCJ',1266,55081,'VOLVO','XC40',5,2,1,817,12508,'Veloz y silencioso','Daños superficiales',5,3,8,491);																			
																	

INSERT INTO incidencia(id,descripcion,solucionada,vehiculos_id,cliente_id) VALUES (1, 'Golpe en la parte frontal', false,1, 1);
INSERT INTO incidencia(id,descripcion,solucionada,vehiculos_id,cliente_id) VALUES (2, 'Luna trasera rota', false,1,3);
INSERT INTO incidencia(id,descripcion,solucionada,vehiculos_id,cliente_id) VALUES (3, 'Espejillo derecho arrancado',2,true, 1);
INSERT INTO incidencia(id,descripcion,solucionada,vehiculos_id,cliente_id) VALUES (4, 'Rueda derecha anterior pinchada',3,true, 2);
INSERT INTO incidencia(id,descripcion,solucionada,vehiculos_id,cliente_id) VALUES (5, 'Raíl del asiento delantero roto',4,true, 3);
INSERT INTO incidencia(id,descripcion,solucionada,vehiculos_id,cliente_id) VALUES (6, 'Rueda izquierda posterior pinchada',5,true, 2);
INSERT INTO incidencia(id,descripcion,solucionada,vehiculos_id,cliente_id) VALUES (7, 'Corrosión en la carrocería', false,6,3);
INSERT INTO incidencia(id,descripcion,solucionada,vehiculos_id,cliente_id) VALUES (8, 'Fuga de aceite', false,7,3);
INSERT INTO incidencia(id,descripcion,solucionada,vehiculos_id,cliente_id) VALUES (9, 'Rodamientos desgastados', true,7,1);
INSERT INTO incidencia(id,descripcion,solucionada,vehiculos_id,cliente_id) VALUES (10, 'Bombilla delantera fundida', false,8,2);
INSERT INTO incidencia(id,descripcion,solucionada,vehiculos_id,cliente_id) VALUES (11, 'Bujías en mal estado', true,9,1);
INSERT INTO incidencia(id,descripcion,solucionada,vehiculos_id,cliente_id) VALUES (12, 'Discos de freno oxidados', false,10,2);

INSERT INTO incidencias_mecanicos VALUES (1, 1);
INSERT INTO incidencias_mecanicos VALUES (2, 1);
INSERT INTO incidencias_mecanicos VALUES (3, 2);
INSERT INTO incidencias_mecanicos VALUES (3, 3);
INSERT INTO incidencias_mecanicos VALUES (4, 2);
INSERT INTO incidencias_mecanicos VALUES (5, 3);
INSERT INTO incidencias_mecanicos VALUES (6, 2);
INSERT INTO incidencias_mecanicos VALUES (6, 1);

INSERT INTO seguro_cliente(id,franquicia,precio,cobertura,fecha_fin,fecha_inicio,vehiculos_id) VALUES (1,150,210,'Todo riesgo','2021-2-10','2020-2-4',1);
INSERT INTO seguro_cliente(id,franquicia,precio,cobertura,fecha_fin,fecha_inicio,vehiculos_id) VALUES (2,300,430,'Robos e incendios','2021-2-10','2020-2-4',2);
INSERT INTO seguro_cliente(id,franquicia,precio,cobertura,fecha_fin,fecha_inicio,vehiculos_id) VALUES (3,0,350,'Repostaje ilimitado','2021-2-10','2020-2-4',5);
INSERT INTO seguro_cliente(id,franquicia,precio,cobertura,fecha_fin,fecha_inicio,vehiculos_id) VALUES (4,220,174,'Todo riesgo','2021-2-10','2020-2-4',7);

INSERT INTO reserva(id,fecha_gastos,fianza,cliente_id) VALUES (1,'2016-09-03',317.8,1);
INSERT INTO reserva(id,fecha_gastos,fianza,cliente_id) VALUES (2,'2015-05-08',122.0,2);
INSERT INTO reserva(id,fecha_gastos,fianza,cliente_id) VALUES (3,'2012-09-02',226.0,3);
INSERT INTO reserva(id,fecha_gastos,fianza,cliente_id) VALUES (4,'2010-03-23',173.4,1);
INSERT INTO reserva(id,fecha_gastos,fianza,cliente_id) VALUES (5,'2020-06-07',586.0,3);
INSERT INTO reserva(id,fecha_gastos,fianza,cliente_id) VALUES (6,'2020-07-15',428.5,1);


INSERT INTO envio(id,provincia,localidad,direccion,codigo_postal,pais,fecha,hora,estado_id,mecanico_id) VALUES (1,'Sevilla','Sevilla','C/Aznalcazar','41005','España','2010-09-03','10:00',4,2);
INSERT INTO envio(id,provincia,localidad,direccion,codigo_postal,pais,fecha,hora,estado_id,mecanico_id) VALUES (2,'Huelva','Huelva','C/San Pedro','21004','España','2010-08-07','11:00',2,1);
INSERT INTO envio(id,provincia,localidad,direccion,codigo_postal,pais,fecha,hora,estado_id,mecanico_id) VALUES (3,'Córdoba','Aguilar de la Frontera','C/Monturque','43055','España','2020-07-07','16:30',2,2);
INSERT INTO envio(id,provincia,localidad,direccion,codigo_postal,pais,fecha,hora,estado_id,mecanico_id) VALUES (4,'Sevilla','Utrera','C/Sierpes','41710','España','2020-02-07','12:30',3,1);
INSERT INTO envio(id,provincia,localidad,direccion,codigo_postal,pais,fecha,hora,estado_id,mecanico_id) VALUES (5,'Sevilla','Los Palacios y Villafranca','C/Martínez Montañés','41720','España','2019-09-17','10:30',1,1);
INSERT INTO envio(id,provincia,localidad,direccion,codigo_postal,pais,fecha,hora,estado_id,mecanico_id) VALUES (6,'Sevilla','Utrera','C/Monturque','41720','España','2020-09-17','10:30',2,1);
INSERT INTO envio(id,provincia,localidad,direccion,codigo_postal,pais,fecha,hora,estado_id,mecanico_id) VALUES (7,'Cádiz','El Bosque','C/Calvillo','11620','España','2019-10-27','10:30',1,2);
INSERT INTO envio(id,provincia,localidad,direccion,codigo_postal,pais,fecha,hora,estado_id,mecanico_id) VALUES (8,'Huelva','Punta Umbría','C/Alejandro','41720','España','2021-09-17','10:30',3,2);
INSERT INTO envio(id,provincia,localidad,direccion,codigo_postal,pais,fecha,hora,estado_id,mecanico_id) VALUES (9,'Córdoba','Córdoba','C/Alameda','41720','España','2020-09-17','10:30',3,3);
INSERT INTO envio(id,provincia,localidad,direccion,codigo_postal,pais,fecha,hora,estado_id,mecanico_id) VALUES (10,'Cádiz','El Gastor','C/El sordo','11620','España','2019-10-27','10:30',1,3);
INSERT INTO envio(id,provincia,localidad,direccion,codigo_postal,pais,fecha,hora,estado_id,mecanico_id) VALUES (11,'Huelva','Punta Umbría','C/Alejandro','41720','España','2021-09-17','10:30',1,3);

INSERT INTO recogida(id,provincia,localidad,direccion,codigo_postal,pais,hora,mecanico_id) VALUES (1,'Sevilla','Sevilla','C/Aznalcazar','41005','España','12:00',1);
INSERT INTO recogida(id,provincia,localidad,direccion,codigo_postal,pais,hora,mecanico_id) VALUES (2,'Huelva','Huelva','C/San Pedro','21004','España','13:00',3);

INSERT INTO venta(id,fecha,cliente_id,envio_id,vehiculo_id) VALUES (1,'2020-09-05',1,3,7);
INSERT INTO venta(id,fecha,cliente_id,envio_id,vehiculo_id) VALUES (2,'2020-02-01',2,4,6);
INSERT INTO venta(id,fecha,cliente_id,envio_id,vehiculo_id) VALUES (3,'2020-11-08',3,5,5);
INSERT INTO venta(id,fecha,cliente_id,envio_id,vehiculo_id) VALUES (4,'2020-04-10',1,6,20);
INSERT INTO venta(id,fecha,cliente_id,envio_id,vehiculo_id) VALUES (5,'2020-03-21',2,7,30);
INSERT INTO venta(id,fecha,cliente_id,envio_id,vehiculo_id) VALUES (6,'2020-12-01',3,8,40);
INSERT INTO venta(id,fecha,cliente_id,envio_id,vehiculo_id) VALUES (7,'2020-04-10',1,9,25);
INSERT INTO venta(id,fecha,cliente_id,envio_id,vehiculo_id) VALUES (8,'2020-03-21',2,10,35);
INSERT INTO venta(id,fecha,cliente_id,envio_id,vehiculo_id) VALUES (9,'2020-12-01',3,11,45);

INSERT INTO alquiler(id,cliente_id,envio_id,recogida_id,vehiculo_id,fecha_inicio,fecha_fin,limite_KM,dep_lleno, devuelto) 
	VALUES (1,1,1,1,4,'2010-09-03','2010-09-22',20000,true, true);
INSERT INTO alquiler(id,cliente_id,envio_id,recogida_id,vehiculo_id,fecha_inicio,fecha_fin,limite_KM,dep_lleno, devuelto) 
	VALUES (2,2,2,2,1,'2010-08-07','2010-09-01',38000,true, false);
INSERT INTO alquiler(id,cliente_id,envio_id,recogida_id,vehiculo_id,fecha_inicio,fecha_fin,limite_KM,dep_lleno, devuelto) 
	VALUES (3,2,null,null,3,'2020-09-05','2020-09-10',16500,false, true);
